sex,age,place_birth_canada,n,bornin_canada
Female,15,Born in Canada,2,Yes
Female,15,Born outside Canada,1,No
Female,15,Born in Canada,1,Yes
Female,15,Born outside Canada,2,No
Female,15,Born in Canada,8,Yes
Female,15,Born in Canada,10,Yes
Female,15,Born in Canada,1,Yes
Female,15,Born outside Canada,1,No
Female,15,Born in Canada,8,Yes
Female,15,Born in Canada,5,Yes
Female,15,Born outside Canada,1,No
Female,15,Born in Canada,1,Yes
Female,15,Born in Canada,11,Yes
Female,15,Born in Canada,1,Yes
Female,15,Born outside Canada,1,No
Female,16,Born in Canada,7,Yes
Female,16,Born outside Canada,1,No
Female,16,Born in Canada,2,Yes
Female,16,Born in Canada,5,Yes
Female,16,Born in Canada,10,Yes
Female,16,Born outside Canada,1,No
Female,16,Don't know,1,NA
Female,16,Born in Canada,6,Yes
Female,16,Born in Canada,5,Yes
Female,16,Born in Canada,5,Yes
Female,16,Born outside Canada,1,No
Female,16,Born in Canada,7,Yes
Female,16,Born outside Canada,2,No
Female,16,Born in Canada,12,Yes
Female,16,Born outside Canada,2,No
Female,16,Don't know,1,NA
Female,16,Born in Canada,8,Yes
Female,17,Born in Canada,6,Yes
Female,17,Born outside Canada,3,No
Female,17,Born in Canada,8,Yes
Female,17,Born outside Canada,1,No
Female,17,Born in Canada,4,Yes
Female,17,Born in Canada,11,Yes
Female,17,Born in Canada,6,Yes
Female,17,Born outside Canada,1,No
Female,17,Born in Canada,9,Yes
Female,17,Born in Canada,6,Yes
Female,17,Born outside Canada,3,No
Female,17,Born in Canada,3,Yes
Female,17,Born in Canada,11,Yes
Female,17,Born in Canada,5,Yes
Female,17,Born outside Canada,3,No
Female,18,Born in Canada,5,Yes
Female,18,Born outside Canada,2,No
Female,18,Born in Canada,3,Yes
Female,18,Born in Canada,3,Yes
Female,18,Born in Canada,8,Yes
Female,18,Born in Canada,3,Yes
Female,18,Born outside Canada,1,No
Female,18,Born in Canada,5,Yes
Female,18,Born in Canada,7,Yes
Female,18,Born outside Canada,3,No
Female,18,Born in Canada,2,Yes
Female,18,Born outside Canada,1,No
Female,18,Born in Canada,9,Yes
Female,18,Born outside Canada,3,No
Female,18,Born in Canada,3,Yes
Female,18,Born outside Canada,4,No
Female,19,Born in Canada,1,Yes
Female,19,Born in Canada,5,Yes
Female,19,Born outside Canada,2,No
Female,19,Born in Canada,5,Yes
Female,19,Born outside Canada,1,No
Female,19,Born in Canada,7,Yes
Female,19,Born outside Canada,2,No
Female,19,Born in Canada,5,Yes
Female,19,Born outside Canada,2,No
Female,19,Born in Canada,5,Yes
Female,19,Born in Canada,2,Yes
Female,19,Born in Canada,5,Yes
Female,19,Born outside Canada,2,No
Female,19,Born in Canada,10,Yes
Female,19,Born outside Canada,5,No
Female,19,Born in Canada,8,Yes
Female,19,Don't know,1,NA
Female,20,Born in Canada,2,Yes
Female,20,Born in Canada,6,Yes
Female,20,Born outside Canada,2,No
Female,20,Born in Canada,1,Yes
Female,20,Born outside Canada,1,No
Female,20,Born in Canada,6,Yes
Female,20,Born outside Canada,1,No
Female,20,Born in Canada,3,Yes
Female,20,Born in Canada,3,Yes
Female,20,Born outside Canada,1,No
Female,20,Born in Canada,7,Yes
Female,20,Born outside Canada,1,No
Female,20,Born in Canada,6,Yes
Female,20,Born in Canada,8,Yes
Female,20,Born outside Canada,3,No
Female,20,Born in Canada,5,Yes
Female,20,Born outside Canada,2,No
Female,21,Born in Canada,2,Yes
Female,21,Born outside Canada,1,No
Female,21,Born in Canada,7,Yes
Female,21,Born outside Canada,2,No
Female,21,Born in Canada,4,Yes
Female,21,Born outside Canada,1,No
Female,21,Born in Canada,12,Yes
Female,21,Born outside Canada,2,No
Female,21,Born in Canada,2,Yes
Female,21,Born in Canada,4,Yes
Female,21,Born outside Canada,3,No
Female,21,Born in Canada,3,Yes
Female,21,Born outside Canada,1,No
Female,21,Born in Canada,1,Yes
Female,21,Born outside Canada,1,No
Female,21,Born in Canada,6,Yes
Female,21,Born outside Canada,3,No
Female,21,Born in Canada,11,Yes
Female,21,Born outside Canada,1,No
Female,22,Born in Canada,6,Yes
Female,22,Born outside Canada,2,No
Female,22,Born in Canada,8,Yes
Female,22,Born outside Canada,2,No
Female,22,Born in Canada,4,Yes
Female,22,Born outside Canada,1,No
Female,22,Born in Canada,11,Yes
Female,22,Born outside Canada,6,No
Female,22,Born in Canada,10,Yes
Female,22,Born outside Canada,1,No
Female,22,Born in Canada,7,Yes
Female,22,Born outside Canada,2,No
Female,22,Born in Canada,1,Yes
Female,22,Born outside Canada,1,No
Female,22,Born in Canada,7,Yes
Female,22,Born outside Canada,1,No
Female,22,Born in Canada,11,Yes
Female,22,Born outside Canada,3,No
Female,22,Born in Canada,7,Yes
Female,22,Born outside Canada,5,No
Female,23,Born in Canada,5,Yes
Female,23,Born in Canada,5,Yes
Female,23,Born outside Canada,1,No
Female,23,Born in Canada,7,Yes
Female,23,Born outside Canada,2,No
Female,23,Born in Canada,10,Yes
Female,23,Born outside Canada,3,No
Female,23,Born in Canada,8,Yes
Female,23,Born outside Canada,2,No
Female,23,Born in Canada,4,Yes
Female,23,Born outside Canada,1,No
Female,23,Born in Canada,8,Yes
Female,23,Born outside Canada,2,No
Female,23,Born in Canada,7,Yes
Female,23,Born outside Canada,1,No
Female,23,Born in Canada,8,Yes
Female,23,Born outside Canada,6,No
Female,23,Born in Canada,7,Yes
Female,23,Born outside Canada,2,No
Female,24,Born in Canada,5,Yes
Female,24,Born in Canada,11,Yes
Female,24,Born outside Canada,1,No
Female,24,Born in Canada,5,Yes
Female,24,Born outside Canada,3,No
Female,24,Born in Canada,19,Yes
Female,24,Born outside Canada,4,No
Female,24,"NA",1,NA
Female,24,Born in Canada,2,Yes
Female,24,Born in Canada,9,Yes
Female,24,Born outside Canada,2,No
Female,24,Born in Canada,5,Yes
Female,24,"NA",1,NA
Female,24,Born in Canada,10,Yes
Female,24,Born outside Canada,2,No
Female,24,Born in Canada,15,Yes
Female,24,Born outside Canada,7,No
Female,24,Born in Canada,8,Yes
Female,24,Born outside Canada,1,No
Female,25,Born in Canada,9,Yes
Female,25,Born outside Canada,1,No
Female,25,Born in Canada,11,Yes
Female,25,Born outside Canada,1,No
Female,25,"NA",1,NA
Female,25,Born in Canada,4,Yes
Female,25,Born in Canada,9,Yes
Female,25,Born outside Canada,1,No
Female,25,Born in Canada,7,Yes
Female,25,Born outside Canada,2,No
Female,25,Born in Canada,8,Yes
Female,25,Born outside Canada,3,No
Female,25,Born in Canada,8,Yes
Female,25,Born outside Canada,1,No
Female,25,Born in Canada,8,Yes
Female,25,Born outside Canada,4,No
Female,25,Born in Canada,13,Yes
Female,25,Born outside Canada,4,No
Female,25,Born in Canada,10,Yes
Female,25,Born outside Canada,1,No
Female,26,Born in Canada,6,Yes
Female,26,Born outside Canada,1,No
Female,26,Born in Canada,7,Yes
Female,26,Born outside Canada,3,No
Female,26,Born in Canada,9,Yes
Female,26,Born outside Canada,1,No
Female,26,Born in Canada,18,Yes
Female,26,Born outside Canada,4,No
Female,26,Don't know,1,NA
Female,26,Born in Canada,8,Yes
Female,26,Born outside Canada,4,No
Female,26,Born in Canada,9,Yes
Female,26,Born outside Canada,1,No
Female,26,"NA",1,NA
Female,26,Born in Canada,6,Yes
Female,26,Born outside Canada,1,No
Female,26,Born in Canada,8,Yes
Female,26,Born outside Canada,2,No
Female,26,Born in Canada,17,Yes
Female,26,Born outside Canada,8,No
Female,26,Born in Canada,4,Yes
Female,26,Born outside Canada,2,No
Female,27,Born in Canada,8,Yes
Female,27,Born outside Canada,2,No
Female,27,"NA",1,NA
Female,27,Born in Canada,5,Yes
Female,27,Born outside Canada,5,No
Female,27,Born in Canada,9,Yes
Female,27,Born in Canada,23,Yes
Female,27,Born outside Canada,3,No
Female,27,Born in Canada,16,Yes
Female,27,Born outside Canada,3,No
Female,27,Born in Canada,13,Yes
Female,27,Born outside Canada,1,No
Female,27,Born in Canada,4,Yes
Female,27,Born in Canada,12,Yes
Female,27,Born outside Canada,1,No
Female,27,Born in Canada,18,Yes
Female,27,Born outside Canada,6,No
Female,27,Born in Canada,8,Yes
Female,27,Born outside Canada,4,No
Female,28,Born in Canada,8,Yes
Female,28,Born outside Canada,3,No
Female,28,Born in Canada,7,Yes
Female,28,Born outside Canada,5,No
Female,28,Born in Canada,6,Yes
Female,28,Born outside Canada,4,No
Female,28,Born in Canada,18,Yes
Female,28,Born outside Canada,4,No
Female,28,Born in Canada,3,Yes
Female,28,Born outside Canada,2,No
Female,28,Don't know,1,NA
Female,28,Born in Canada,6,Yes
Female,28,Born outside Canada,3,No
Female,28,Born in Canada,9,Yes
Female,28,Born outside Canada,2,No
Female,28,Born in Canada,4,Yes
Female,28,Born outside Canada,2,No
Female,28,Born in Canada,17,Yes
Female,28,Born outside Canada,8,No
Female,28,Born in Canada,9,Yes
Female,28,Born outside Canada,1,No
Female,29,Born in Canada,7,Yes
Female,29,Born in Canada,7,Yes
Female,29,Born outside Canada,1,No
Female,29,Born in Canada,10,Yes
Female,29,Born outside Canada,5,No
Female,29,Born in Canada,17,Yes
Female,29,Born outside Canada,5,No
Female,29,Born in Canada,15,Yes
Female,29,Born outside Canada,4,No
Female,29,Born in Canada,5,Yes
Female,29,Born outside Canada,2,No
Female,29,Born in Canada,8,Yes
Female,29,Born outside Canada,5,No
Female,29,Born in Canada,11,Yes
Female,29,Born in Canada,25,Yes
Female,29,Born outside Canada,7,No
Female,29,Born in Canada,14,Yes
Female,29,Born outside Canada,2,No
Female,29,"NA",1,NA
Female,30,Born in Canada,13,Yes
Female,30,Born outside Canada,5,No
Female,30,"NA",1,NA
Female,30,Born in Canada,9,Yes
Female,30,Born outside Canada,5,No
Female,30,Born in Canada,17,Yes
Female,30,Born outside Canada,6,No
Female,30,Born in Canada,14,Yes
Female,30,Born outside Canada,10,No
Female,30,Born in Canada,9,Yes
Female,30,Born outside Canada,1,No
Female,30,Born in Canada,10,Yes
Female,30,Born outside Canada,2,No
Female,30,Born in Canada,10,Yes
Female,30,Born outside Canada,3,No
Female,30,Born in Canada,16,Yes
Female,30,Born outside Canada,4,No
Female,30,"NA",1,NA
Female,30,Born in Canada,25,Yes
Female,30,Born outside Canada,6,No
Female,30,Born in Canada,9,Yes
Female,31,Born in Canada,18,Yes
Female,31,Born outside Canada,5,No
Female,31,Born in Canada,8,Yes
Female,31,Born outside Canada,1,No
Female,31,Born in Canada,11,Yes
Female,31,Born outside Canada,1,No
Female,31,Born in Canada,27,Yes
Female,31,Born outside Canada,4,No
Female,31,Born in Canada,9,Yes
Female,31,Born outside Canada,5,No
Female,31,Born in Canada,18,Yes
Female,31,Born outside Canada,2,No
Female,31,Born in Canada,7,Yes
Female,31,Born outside Canada,3,No
Female,31,Born in Canada,7,Yes
Female,31,Born outside Canada,5,No
Female,31,Born in Canada,23,Yes
Female,31,Born outside Canada,8,No
Female,31,Born in Canada,9,Yes
Female,31,Born outside Canada,2,No
Female,32,Born in Canada,11,Yes
Female,32,Born outside Canada,3,No
Female,32,Born in Canada,12,Yes
Female,32,Born outside Canada,2,No
Female,32,Born in Canada,10,Yes
Female,32,Born outside Canada,2,No
Female,32,Born in Canada,18,Yes
Female,32,Born outside Canada,6,No
Female,32,Don't know,1,NA
Female,32,Born in Canada,9,Yes
Female,32,Born outside Canada,2,No
Female,32,Born in Canada,13,Yes
Female,32,Born outside Canada,2,No
Female,32,Born in Canada,17,Yes
Female,32,Born outside Canada,3,No
Female,32,Born in Canada,11,Yes
Female,32,Born outside Canada,4,No
Female,32,Born in Canada,33,Yes
Female,32,Born outside Canada,3,No
Female,32,Born in Canada,19,Yes
Female,32,Born outside Canada,1,No
Female,33,Born in Canada,12,Yes
Female,33,Born outside Canada,5,No
Female,33,Born in Canada,10,Yes
Female,33,Born outside Canada,1,No
Female,33,Born in Canada,18,Yes
Female,33,Born outside Canada,4,No
Female,33,Born in Canada,22,Yes
Female,33,Born outside Canada,5,No
Female,33,Born in Canada,6,Yes
Female,33,Born outside Canada,2,No
Female,33,Born in Canada,15,Yes
Female,33,Born outside Canada,3,No
Female,33,Born in Canada,12,Yes
Female,33,"NA",1,NA
Female,33,Born in Canada,12,Yes
Female,33,Born outside Canada,2,No
Female,33,Born in Canada,10,Yes
Female,33,Born outside Canada,7,No
Female,33,"NA",2,NA
Female,33,Born in Canada,12,Yes
Female,33,Born outside Canada,2,No
Female,34,Born in Canada,6,Yes
Female,34,Born outside Canada,6,No
Female,34,Born in Canada,16,Yes
Female,34,Born outside Canada,2,No
Female,34,Born in Canada,11,Yes
Female,34,Born outside Canada,1,No
Female,34,Born in Canada,22,Yes
Female,34,Born outside Canada,4,No
Female,34,Born in Canada,10,Yes
Female,34,Born outside Canada,3,No
Female,34,Born in Canada,9,Yes
Female,34,Born outside Canada,2,No
Female,34,Born in Canada,4,Yes
Female,34,Born outside Canada,2,No
Female,34,Born in Canada,17,Yes
Female,34,Born outside Canada,4,No
Female,34,Born in Canada,21,Yes
Female,34,Born outside Canada,2,No
Female,34,Born in Canada,13,Yes
Female,34,Born outside Canada,3,No
Female,35,Born in Canada,17,Yes
Female,35,Born outside Canada,2,No
Female,35,Born in Canada,8,Yes
Female,35,Born outside Canada,2,No
Female,35,Born in Canada,13,Yes
Female,35,Born outside Canada,2,No
Female,35,Born in Canada,19,Yes
Female,35,Born outside Canada,6,No
Female,35,"NA",1,NA
Female,35,Born in Canada,9,Yes
Female,35,Born outside Canada,7,No
Female,35,Born in Canada,10,Yes
Female,35,Born outside Canada,6,No
Female,35,Don't know,1,NA
Female,35,Born in Canada,9,Yes
Female,35,Born outside Canada,6,No
Female,35,Born in Canada,8,Yes
Female,35,Born outside Canada,4,No
Female,35,Born in Canada,15,Yes
Female,35,Born outside Canada,3,No
Female,35,"NA",1,NA
Female,35,Born in Canada,15,Yes
Female,35,Born outside Canada,1,No
Female,36,Born in Canada,10,Yes
Female,36,Born outside Canada,5,No
Female,36,Born in Canada,11,Yes
Female,36,Born outside Canada,7,No
Female,36,Born in Canada,12,Yes
Female,36,Born outside Canada,1,No
Female,36,Born in Canada,20,Yes
Female,36,Born outside Canada,6,No
Female,36,"NA",1,NA
Female,36,Born in Canada,19,Yes
Female,36,Born outside Canada,1,No
Female,36,Don't know,1,NA
Female,36,Born in Canada,15,Yes
Female,36,Born outside Canada,3,No
Female,36,Born in Canada,8,Yes
Female,36,Born outside Canada,6,No
Female,36,Born in Canada,10,Yes
Female,36,Born outside Canada,2,No
Female,36,Born in Canada,22,Yes
Female,36,Born outside Canada,6,No
Female,36,Born in Canada,7,Yes
Female,36,Born outside Canada,1,No
Female,37,Born in Canada,17,Yes
Female,37,Born outside Canada,5,No
Female,37,Born in Canada,11,Yes
Female,37,Born outside Canada,2,No
Female,37,Born in Canada,11,Yes
Female,37,Born outside Canada,6,No
Female,37,Born in Canada,22,Yes
Female,37,Born outside Canada,6,No
Female,37,Born in Canada,10,Yes
Female,37,Born outside Canada,6,No
Female,37,Born in Canada,9,Yes
Female,37,Born outside Canada,4,No
Female,37,Born in Canada,15,Yes
Female,37,Born outside Canada,1,No
Female,37,"NA",1,NA
Female,37,Born in Canada,11,Yes
Female,37,Born outside Canada,5,No
Female,37,Born in Canada,27,Yes
Female,37,Born outside Canada,4,No
Female,37,"NA",1,NA
Female,37,Born in Canada,12,Yes
Female,37,Born outside Canada,2,No
Female,38,Born in Canada,9,Yes
Female,38,Born outside Canada,1,No
Female,38,Born in Canada,11,Yes
Female,38,Born outside Canada,9,No
Female,38,Born in Canada,10,Yes
Female,38,Born outside Canada,2,No
Female,38,Born in Canada,15,Yes
Female,38,Born outside Canada,10,No
Female,38,Born in Canada,14,Yes
Female,38,Born outside Canada,3,No
Female,38,Born in Canada,5,Yes
Female,38,Born outside Canada,3,No
Female,38,Born in Canada,16,Yes
Female,38,Born outside Canada,6,No
Female,38,Born in Canada,9,Yes
Female,38,Born outside Canada,6,No
Female,38,Born in Canada,24,Yes
Female,38,Born outside Canada,2,No
Female,38,Born in Canada,10,Yes
Female,38,Born outside Canada,4,No
Female,39,Born in Canada,8,Yes
Female,39,Born outside Canada,4,No
Female,39,Don't know,1,NA
Female,39,Born in Canada,14,Yes
Female,39,Born in Canada,12,Yes
Female,39,Born outside Canada,4,No
Female,39,Born in Canada,17,Yes
Female,39,Born outside Canada,12,No
Female,39,Born in Canada,15,Yes
Female,39,Born outside Canada,3,No
Female,39,Born in Canada,9,Yes
Female,39,Born outside Canada,2,No
Female,39,Born in Canada,12,Yes
Female,39,Born outside Canada,5,No
Female,39,Born in Canada,12,Yes
Female,39,Born outside Canada,2,No
Female,39,Born in Canada,16,Yes
Female,39,Born outside Canada,7,No
Female,39,Born in Canada,7,Yes
Female,39,Born outside Canada,2,No
Female,40,Born in Canada,12,Yes
Female,40,Born outside Canada,5,No
Female,40,Born in Canada,13,Yes
Female,40,Born outside Canada,7,No
Female,40,Born in Canada,10,Yes
Female,40,Born outside Canada,5,No
Female,40,Born in Canada,20,Yes
Female,40,Born outside Canada,7,No
Female,40,Born in Canada,10,Yes
Female,40,Born outside Canada,1,No
Female,40,Born in Canada,11,Yes
Female,40,Born outside Canada,2,No
Female,40,Don't know,1,NA
Female,40,Born in Canada,11,Yes
Female,40,Born outside Canada,4,No
Female,40,Born in Canada,9,Yes
Female,40,Born outside Canada,6,No
Female,40,Born in Canada,26,Yes
Female,40,Born outside Canada,6,No
Female,40,Born in Canada,9,Yes
Female,40,Born outside Canada,3,No
Female,41,Born in Canada,8,Yes
Female,41,Born outside Canada,3,No
Female,41,Born in Canada,13,Yes
Female,41,Born in Canada,12,Yes
Female,41,Born outside Canada,4,No
Female,41,Born in Canada,18,Yes
Female,41,Born outside Canada,5,No
Female,41,Born in Canada,11,Yes
Female,41,Born outside Canada,5,No
Female,41,Born in Canada,6,Yes
Female,41,Born outside Canada,7,No
Female,41,Born in Canada,8,Yes
Female,41,Born outside Canada,3,No
Female,41,Born in Canada,8,Yes
Female,41,Born outside Canada,4,No
Female,41,Don't know,2,NA
Female,41,Born in Canada,23,Yes
Female,41,Born outside Canada,7,No
Female,41,Don't know,1,NA
Female,41,Born in Canada,10,Yes
Female,41,Born outside Canada,4,No
Female,42,Born in Canada,10,Yes
Female,42,Born outside Canada,2,No
Female,42,Born in Canada,13,Yes
Female,42,Born outside Canada,2,No
Female,42,Born in Canada,14,Yes
Female,42,Born outside Canada,4,No
Female,42,Born in Canada,26,Yes
Female,42,Born outside Canada,4,No
Female,42,Born in Canada,8,Yes
Female,42,Born outside Canada,3,No
Female,42,Born in Canada,10,Yes
Female,42,Born outside Canada,6,No
Female,42,Don't know,1,NA
Female,42,"NA",1,NA
Female,42,Born in Canada,12,Yes
Female,42,Born outside Canada,4,No
Female,42,Born in Canada,15,Yes
Female,42,Born outside Canada,4,No
Female,42,Don't know,1,NA
Female,42,Born in Canada,11,Yes
Female,42,Born outside Canada,3,No
Female,42,Born in Canada,9,Yes
Female,42,Born outside Canada,2,No
Female,43,Born in Canada,13,Yes
Female,43,Born outside Canada,4,No
Female,43,Born in Canada,13,Yes
Female,43,Born outside Canada,4,No
Female,43,"NA",1,NA
Female,43,Born in Canada,7,Yes
Female,43,Born outside Canada,6,No
Female,43,Born in Canada,14,Yes
Female,43,Born outside Canada,8,No
Female,43,Born in Canada,11,Yes
Female,43,Born outside Canada,5,No
Female,43,Born in Canada,15,Yes
Female,43,Born outside Canada,6,No
Female,43,Born in Canada,15,Yes
Female,43,Born outside Canada,1,No
Female,43,Born in Canada,9,Yes
Female,43,Born outside Canada,2,No
Female,43,Born in Canada,21,Yes
Female,43,Born outside Canada,1,No
Female,43,Born in Canada,7,Yes
Female,43,Born outside Canada,5,No
Female,44,Born in Canada,5,Yes
Female,44,Born outside Canada,5,No
Female,44,Born in Canada,14,Yes
Female,44,Born outside Canada,6,No
Female,44,Born in Canada,9,Yes
Female,44,Born outside Canada,4,No
Female,44,Born in Canada,19,Yes
Female,44,Born outside Canada,7,No
Female,44,Born in Canada,9,Yes
Female,44,Born outside Canada,1,No
Female,44,Born in Canada,7,Yes
Female,44,Born outside Canada,4,No
Female,44,Born in Canada,12,Yes
Female,44,Born outside Canada,5,No
Female,44,Born in Canada,8,Yes
Female,44,Born outside Canada,3,No
Female,44,Don't know,1,NA
Female,44,"NA",1,NA
Female,44,Born in Canada,12,Yes
Female,44,Born outside Canada,12,No
Female,44,"NA",1,NA
Female,44,Born in Canada,12,Yes
Female,44,Born outside Canada,1,No
Female,45,Born in Canada,9,Yes
Female,45,Born outside Canada,6,No
Female,45,Born in Canada,14,Yes
Female,45,Born outside Canada,4,No
Female,45,Born in Canada,10,Yes
Female,45,Born outside Canada,1,No
Female,45,Born in Canada,19,Yes
Female,45,Born outside Canada,11,No
Female,45,Born in Canada,8,Yes
Female,45,Born outside Canada,1,No
Female,45,Born in Canada,13,Yes
Female,45,Born outside Canada,1,No
Female,45,Born in Canada,5,Yes
Female,45,Born outside Canada,2,No
Female,45,Born in Canada,7,Yes
Female,45,Born outside Canada,3,No
Female,45,Born in Canada,16,Yes
Female,45,Born outside Canada,8,No
Female,45,Born in Canada,13,Yes
Female,45,Born outside Canada,4,No
Female,46,Born in Canada,11,Yes
Female,46,Born outside Canada,3,No
Female,46,Born in Canada,11,Yes
Female,46,Born outside Canada,3,No
Female,46,Born in Canada,8,Yes
Female,46,Born outside Canada,4,No
Female,46,Born in Canada,15,Yes
Female,46,Born outside Canada,9,No
Female,46,Born in Canada,8,Yes
Female,46,Born outside Canada,4,No
Female,46,Born in Canada,10,Yes
Female,46,Born in Canada,9,Yes
Female,46,Born outside Canada,3,No
Female,46,Born in Canada,22,Yes
Female,46,Born outside Canada,4,No
Female,46,Born in Canada,17,Yes
Female,46,Born outside Canada,8,No
Female,46,Born in Canada,14,Yes
Female,46,Born outside Canada,1,No
Female,47,Born in Canada,6,Yes
Female,47,Born outside Canada,3,No
Female,47,Born in Canada,13,Yes
Female,47,Born outside Canada,1,No
Female,47,Don't know,1,NA
Female,47,Born in Canada,10,Yes
Female,47,Born outside Canada,1,No
Female,47,Born in Canada,15,Yes
Female,47,Born outside Canada,9,No
Female,47,Born in Canada,12,Yes
Female,47,Born outside Canada,3,No
Female,47,Born in Canada,14,Yes
Female,47,Born in Canada,5,Yes
Female,47,Born outside Canada,1,No
Female,47,Born in Canada,9,Yes
Female,47,Born outside Canada,2,No
Female,47,Born in Canada,26,Yes
Female,47,Born outside Canada,7,No
Female,47,Born in Canada,10,Yes
Female,47,Born outside Canada,1,No
Female,48,Born in Canada,5,Yes
Female,48,Born outside Canada,2,No
Female,48,Born in Canada,11,Yes
Female,48,Born outside Canada,4,No
Female,48,Born in Canada,9,Yes
Female,48,Born outside Canada,1,No
Female,48,Born in Canada,17,Yes
Female,48,Born outside Canada,3,No
Female,48,Born in Canada,6,Yes
Female,48,Born outside Canada,4,No
Female,48,"NA",1,NA
Female,48,Born in Canada,10,Yes
Female,48,Born outside Canada,1,No
Female,48,Born in Canada,12,Yes
Female,48,Born outside Canada,4,No
Female,48,Born in Canada,14,Yes
Female,48,Born outside Canada,3,No
Female,48,Born in Canada,20,Yes
Female,48,Born outside Canada,8,No
Female,48,Don't know,1,NA
Female,48,Born in Canada,12,Yes
Female,48,Born outside Canada,2,No
Female,49,Born in Canada,2,Yes
Female,49,Born outside Canada,2,No
Female,49,Born in Canada,14,Yes
Female,49,Born outside Canada,2,No
Female,49,Born in Canada,9,Yes
Female,49,Born outside Canada,3,No
Female,49,Born in Canada,19,Yes
Female,49,Born outside Canada,3,No
Female,49,"NA",1,NA
Female,49,Born in Canada,12,Yes
Female,49,Born outside Canada,2,No
Female,49,Born in Canada,7,Yes
Female,49,Born outside Canada,1,No
Female,49,Born in Canada,12,Yes
Female,49,Born outside Canada,1,No
Female,49,Born in Canada,8,Yes
Female,49,Born outside Canada,3,No
Female,49,Born in Canada,15,Yes
Female,49,Born outside Canada,5,No
Female,49,Born in Canada,10,Yes
Female,49,Born outside Canada,3,No
Female,50,Born in Canada,7,Yes
Female,50,Born outside Canada,2,No
Female,50,Born in Canada,9,Yes
Female,50,Born outside Canada,4,No
Female,50,Born in Canada,13,Yes
Female,50,Born outside Canada,1,No
Female,50,Born in Canada,14,Yes
Female,50,Born outside Canada,4,No
Female,50,"NA",1,NA
Female,50,Born in Canada,6,Yes
Female,50,Born outside Canada,2,No
Female,50,Born in Canada,6,Yes
Female,50,Born outside Canada,4,No
Female,50,Born in Canada,11,Yes
Female,50,Born outside Canada,4,No
Female,50,"NA",2,NA
Female,50,Born in Canada,12,Yes
Female,50,Born outside Canada,2,No
Female,50,"NA",1,NA
Female,50,Born in Canada,16,Yes
Female,50,Born outside Canada,3,No
Female,50,Don't know,1,NA
Female,50,Born in Canada,8,Yes
Female,50,Born outside Canada,3,No
Female,50,Don't know,1,NA
Female,51,Born in Canada,14,Yes
Female,51,Born outside Canada,3,No
Female,51,"NA",1,NA
Female,51,Born in Canada,7,Yes
Female,51,Born outside Canada,2,No
Female,51,Born in Canada,9,Yes
Female,51,Born outside Canada,2,No
Female,51,Born in Canada,18,Yes
Female,51,Born outside Canada,3,No
Female,51,Born in Canada,6,Yes
Female,51,Born outside Canada,6,No
Female,51,Born in Canada,12,Yes
Female,51,Born outside Canada,1,No
Female,51,Born in Canada,15,Yes
Female,51,Born outside Canada,2,No
Female,51,Born in Canada,12,Yes
Female,51,Born outside Canada,5,No
Female,51,Born in Canada,29,Yes
Female,51,Born outside Canada,6,No
Female,51,Born in Canada,9,Yes
Female,51,Born outside Canada,3,No
Female,52,Born in Canada,6,Yes
Female,52,Born outside Canada,1,No
Female,52,Born in Canada,14,Yes
Female,52,Born outside Canada,5,No
Female,52,Born in Canada,10,Yes
Female,52,Born outside Canada,6,No
Female,52,Born in Canada,20,Yes
Female,52,Born outside Canada,7,No
Female,52,Born in Canada,18,Yes
Female,52,Born outside Canada,3,No
Female,52,Born in Canada,10,Yes
Female,52,Born outside Canada,3,No
Female,52,Born in Canada,16,Yes
Female,52,Born outside Canada,1,No
Female,52,Don't know,1,NA
Female,52,Born in Canada,14,Yes
Female,52,Born outside Canada,1,No
Female,52,Born in Canada,21,Yes
Female,52,Born outside Canada,4,No
Female,52,Born in Canada,14,Yes
Female,52,Born outside Canada,4,No
Female,53,Born in Canada,13,Yes
Female,53,Born outside Canada,4,No
Female,53,Born in Canada,19,Yes
Female,53,Born outside Canada,2,No
Female,53,Born in Canada,16,Yes
Female,53,Born outside Canada,3,No
Female,53,Born in Canada,26,Yes
Female,53,Born outside Canada,5,No
Female,53,Don't know,1,NA
Female,53,Born in Canada,14,Yes
Female,53,Born outside Canada,1,No
Female,53,Don't know,1,NA
Female,53,Born in Canada,15,Yes
Female,53,Born in Canada,14,Yes
Female,53,Born outside Canada,2,No
Female,53,Born in Canada,12,Yes
Female,53,Born outside Canada,3,No
Female,53,Born in Canada,23,Yes
Female,53,Born outside Canada,3,No
Female,53,Born in Canada,15,Yes
Female,53,Born outside Canada,3,No
Female,54,Born in Canada,17,Yes
Female,54,Born outside Canada,3,No
Female,54,Born in Canada,14,Yes
Female,54,Born outside Canada,1,No
Female,54,Born in Canada,11,Yes
Female,54,Born outside Canada,2,No
Female,54,Born in Canada,40,Yes
Female,54,Born outside Canada,5,No
Female,54,Born in Canada,10,Yes
Female,54,Born outside Canada,4,No
Female,54,Born in Canada,7,Yes
Female,54,Born outside Canada,4,No
Female,54,Born in Canada,11,Yes
Female,54,Born outside Canada,4,No
Female,54,Born in Canada,17,Yes
Female,54,Born outside Canada,3,No
Female,54,Born in Canada,22,Yes
Female,54,Born outside Canada,10,No
Female,54,Born in Canada,18,Yes
Female,54,Born outside Canada,3,No
Female,55,Born in Canada,14,Yes
Female,55,Born outside Canada,4,No
Female,55,Born in Canada,12,Yes
Female,55,Born outside Canada,3,No
Female,55,Born in Canada,9,Yes
Female,55,Born outside Canada,8,No
Female,55,Born in Canada,30,Yes
Female,55,Born outside Canada,3,No
Female,55,Born in Canada,16,Yes
Female,55,Born outside Canada,3,No
Female,55,"NA",1,NA
Female,55,Born in Canada,15,Yes
Female,55,Born outside Canada,5,No
Female,55,Born in Canada,16,Yes
Female,55,Born outside Canada,2,No
Female,55,Born in Canada,20,Yes
Female,55,Born outside Canada,2,No
Female,55,Don't know,2,NA
Female,55,Born in Canada,20,Yes
Female,55,Born outside Canada,6,No
Female,55,Born in Canada,17,Yes
Female,55,Born outside Canada,3,No
Female,56,Born in Canada,15,Yes
Female,56,Born outside Canada,6,No
Female,56,Born in Canada,18,Yes
Female,56,Born outside Canada,3,No
Female,56,Born in Canada,14,Yes
Female,56,Born outside Canada,2,No
Female,56,Born in Canada,25,Yes
Female,56,Born outside Canada,3,No
Female,56,Born in Canada,6,Yes
Female,56,Born outside Canada,1,No
Female,56,Born in Canada,16,Yes
Female,56,Born outside Canada,6,No
Female,56,Born in Canada,22,Yes
Female,56,Born outside Canada,4,No
Female,56,Born in Canada,16,Yes
Female,56,Born outside Canada,1,No
Female,56,Born in Canada,25,Yes
Female,56,Born outside Canada,3,No
Female,56,Born in Canada,15,Yes
Female,56,Born outside Canada,2,No
Female,56,"NA",1,NA
Female,57,Born in Canada,19,Yes
Female,57,Born outside Canada,5,No
Female,57,Born in Canada,18,Yes
Female,57,Born outside Canada,5,No
Female,57,Born in Canada,15,Yes
Female,57,Born outside Canada,1,No
Female,57,Born in Canada,28,Yes
Female,57,Born outside Canada,5,No
Female,57,Born in Canada,12,Yes
Female,57,Born outside Canada,4,No
Female,57,Don't know,1,NA
Female,57,Born in Canada,11,Yes
Female,57,Born outside Canada,3,No
Female,57,Born in Canada,13,Yes
Female,57,Born in Canada,15,Yes
Female,57,Born outside Canada,3,No
Female,57,Born in Canada,35,Yes
Female,57,Born outside Canada,8,No
Female,57,Born in Canada,19,Yes
Female,57,Born outside Canada,1,No
Female,58,Born in Canada,21,Yes
Female,58,Born outside Canada,1,No
Female,58,Born in Canada,17,Yes
Female,58,Born outside Canada,2,No
Female,58,Born in Canada,11,Yes
Female,58,Born outside Canada,2,No
Female,58,Born in Canada,46,Yes
Female,58,Born outside Canada,6,No
Female,58,"NA",1,NA
Female,58,Born in Canada,21,Yes
Female,58,Born outside Canada,2,No
Female,58,Born in Canada,13,Yes
Female,58,Born outside Canada,4,No
Female,58,Born in Canada,13,Yes
Female,58,Born outside Canada,4,No
Female,58,Born in Canada,11,Yes
Female,58,Born outside Canada,4,No
Female,58,Born in Canada,30,Yes
Female,58,Born outside Canada,4,No
Female,58,Born in Canada,21,Yes
Female,58,Born outside Canada,2,No
Female,59,Born in Canada,20,Yes
Female,59,Born in Canada,20,Yes
Female,59,Born outside Canada,5,No
Female,59,Born in Canada,15,Yes
Female,59,Born outside Canada,1,No
Female,59,Born in Canada,27,Yes
Female,59,Born outside Canada,3,No
Female,59,Born in Canada,13,Yes
Female,59,Born outside Canada,5,No
Female,59,Born in Canada,10,Yes
Female,59,Born outside Canada,6,No
Female,59,Born in Canada,15,Yes
Female,59,Born outside Canada,2,No
Female,59,Born in Canada,19,Yes
Female,59,Born outside Canada,2,No
Female,59,Don't know,1,NA
Female,59,Born in Canada,29,Yes
Female,59,Born outside Canada,6,No
Female,59,Born in Canada,18,Yes
Female,59,Born outside Canada,3,No
Female,60,Born in Canada,19,Yes
Female,60,Born outside Canada,4,No
Female,60,Born in Canada,20,Yes
Female,60,Born in Canada,16,Yes
Female,60,Born outside Canada,3,No
Female,60,Born in Canada,35,Yes
Female,60,Born outside Canada,6,No
Female,60,Born in Canada,16,Yes
Female,60,Born outside Canada,3,No
Female,60,Born in Canada,13,Yes
Female,60,Born outside Canada,3,No
Female,60,Born in Canada,16,Yes
Female,60,Born outside Canada,3,No
Female,60,Born in Canada,13,Yes
Female,60,Born outside Canada,6,No
Female,60,Born in Canada,27,Yes
Female,60,Born outside Canada,7,No
Female,60,"NA",1,NA
Female,60,Born in Canada,23,Yes
Female,60,Born outside Canada,4,No
Female,60,"NA",1,NA
Female,61,Born in Canada,17,Yes
Female,61,Born in Canada,20,Yes
Female,61,Born outside Canada,4,No
Female,61,Born in Canada,24,Yes
Female,61,Born outside Canada,5,No
Female,61,Born in Canada,25,Yes
Female,61,Born outside Canada,6,No
Female,61,Born in Canada,18,Yes
Female,61,Born outside Canada,1,No
Female,61,Born in Canada,15,Yes
Female,61,Born outside Canada,5,No
Female,61,"NA",1,NA
Female,61,Born in Canada,11,Yes
Female,61,Born outside Canada,3,No
Female,61,Born in Canada,16,Yes
Female,61,Born outside Canada,3,No
Female,61,Born in Canada,24,Yes
Female,61,Born outside Canada,5,No
Female,61,Born in Canada,18,Yes
Female,61,Born outside Canada,1,No
Female,61,"NA",1,NA
Female,62,Born in Canada,16,Yes
Female,62,Born outside Canada,3,No
Female,62,Born in Canada,17,Yes
Female,62,Born outside Canada,2,No
Female,62,"NA",1,NA
Female,62,Born in Canada,26,Yes
Female,62,Born outside Canada,3,No
Female,62,"NA",1,NA
Female,62,Born in Canada,19,Yes
Female,62,Born outside Canada,2,No
Female,62,Born in Canada,17,Yes
Female,62,Born outside Canada,1,No
Female,62,Born in Canada,10,Yes
Female,62,Born outside Canada,2,No
Female,62,Born in Canada,20,Yes
Female,62,Born outside Canada,1,No
Female,62,Born in Canada,11,Yes
Female,62,Born outside Canada,4,No
Female,62,Born in Canada,30,Yes
Female,62,Born outside Canada,6,No
Female,62,Born in Canada,19,Yes
Female,62,Born outside Canada,4,No
Female,63,Born in Canada,11,Yes
Female,63,Born outside Canada,4,No
Female,63,Born in Canada,21,Yes
Female,63,Born outside Canada,3,No
Female,63,Born in Canada,19,Yes
Female,63,Born outside Canada,5,No
Female,63,Born in Canada,40,Yes
Female,63,Born outside Canada,10,No
Female,63,Born in Canada,15,Yes
Female,63,Born outside Canada,3,No
Female,63,Born in Canada,18,Yes
Female,63,Born outside Canada,4,No
Female,63,Born in Canada,15,Yes
Female,63,Born outside Canada,2,No
Female,63,Born in Canada,13,Yes
Female,63,Born outside Canada,4,No
Female,63,Born in Canada,33,Yes
Female,63,Born outside Canada,7,No
Female,63,Born in Canada,15,Yes
Female,63,Born outside Canada,3,No
Female,64,Born in Canada,16,Yes
Female,64,Born outside Canada,3,No
Female,64,Born in Canada,21,Yes
Female,64,Born outside Canada,3,No
Female,64,Born in Canada,10,Yes
Female,64,Born outside Canada,1,No
Female,64,Born in Canada,29,Yes
Female,64,Born outside Canada,6,No
Female,64,Born in Canada,15,Yes
Female,64,Born outside Canada,2,No
Female,64,Born in Canada,19,Yes
Female,64,Born outside Canada,4,No
Female,64,Born in Canada,15,Yes
Female,64,Born in Canada,14,Yes
Female,64,Born outside Canada,5,No
Female,64,Born in Canada,28,Yes
Female,64,Born outside Canada,6,No
Female,64,Born in Canada,17,Yes
Female,64,Born outside Canada,5,No
Female,65,Born in Canada,21,Yes
Female,65,Born outside Canada,2,No
Female,65,Born in Canada,17,Yes
Female,65,Born outside Canada,3,No
Female,65,"NA",1,NA
Female,65,Born in Canada,15,Yes
Female,65,Born outside Canada,7,No
Female,65,Born in Canada,26,Yes
Female,65,Born outside Canada,7,No
Female,65,Born in Canada,30,Yes
Female,65,Born outside Canada,1,No
Female,65,Born in Canada,17,Yes
Female,65,Born outside Canada,5,No
Female,65,Born in Canada,12,Yes
Female,65,Born outside Canada,3,No
Female,65,Born in Canada,18,Yes
Female,65,Born outside Canada,5,No
Female,65,Born in Canada,28,Yes
Female,65,Born outside Canada,5,No
Female,65,Born in Canada,15,Yes
Female,65,Born outside Canada,2,No
Female,66,Born in Canada,20,Yes
Female,66,Born outside Canada,4,No
Female,66,Born in Canada,16,Yes
Female,66,Born outside Canada,5,No
Female,66,Born in Canada,12,Yes
Female,66,Born outside Canada,3,No
Female,66,Born in Canada,31,Yes
Female,66,Born outside Canada,6,No
Female,66,Born in Canada,13,Yes
Female,66,Born outside Canada,5,No
Female,66,Born in Canada,14,Yes
Female,66,Born outside Canada,6,No
Female,66,Born in Canada,16,Yes
Female,66,Born outside Canada,3,No
Female,66,Born in Canada,11,Yes
Female,66,Born outside Canada,6,No
Female,66,Born in Canada,37,Yes
Female,66,Born outside Canada,6,No
Female,66,Born in Canada,13,Yes
Female,66,Born outside Canada,3,No
Female,67,Born in Canada,17,Yes
Female,67,Born outside Canada,4,No
Female,67,Born in Canada,19,Yes
Female,67,Born outside Canada,1,No
Female,67,Born in Canada,19,Yes
Female,67,Born outside Canada,1,No
Female,67,Born in Canada,37,Yes
Female,67,Born outside Canada,3,No
Female,67,Born in Canada,19,Yes
Female,67,Born outside Canada,5,No
Female,67,Born in Canada,15,Yes
Female,67,Born outside Canada,4,No
Female,67,Born in Canada,16,Yes
Female,67,Born outside Canada,2,No
Female,67,Born in Canada,16,Yes
Female,67,Born in Canada,19,Yes
Female,67,Born outside Canada,7,No
Female,67,Born in Canada,9,Yes
Female,67,Born outside Canada,2,No
Female,68,Born in Canada,15,Yes
Female,68,Born outside Canada,2,No
Female,68,Born in Canada,11,Yes
Female,68,Born outside Canada,4,No
Female,68,Born in Canada,18,Yes
Female,68,Born outside Canada,2,No
Female,68,Born in Canada,25,Yes
Female,68,Born outside Canada,8,No
Female,68,Born in Canada,11,Yes
Female,68,Born outside Canada,3,No
Female,68,Born in Canada,14,Yes
Female,68,Born outside Canada,5,No
Female,68,"NA",1,NA
Female,68,Born in Canada,15,Yes
Female,68,Born outside Canada,1,No
Female,68,Born in Canada,17,Yes
Female,68,Born outside Canada,3,No
Female,68,Born in Canada,32,Yes
Female,68,Born outside Canada,8,No
Female,68,"NA",1,NA
Female,68,Born in Canada,16,Yes
Female,68,Born outside Canada,4,No
Female,69,Born in Canada,18,Yes
Female,69,Born outside Canada,4,No
Female,69,Born in Canada,20,Yes
Female,69,Born outside Canada,4,No
Female,69,Born in Canada,16,Yes
Female,69,Born outside Canada,6,No
Female,69,Born in Canada,35,Yes
Female,69,Born outside Canada,6,No
Female,69,Born in Canada,13,Yes
Female,69,Born outside Canada,3,No
Female,69,Born in Canada,6,Yes
Female,69,Born outside Canada,6,No
Female,69,Born in Canada,13,Yes
Female,69,Born outside Canada,2,No
Female,69,Born in Canada,19,Yes
Female,69,Born outside Canada,3,No
Female,69,Born in Canada,33,Yes
Female,69,Born outside Canada,8,No
Female,69,Born in Canada,17,Yes
Female,69,Born outside Canada,5,No
Female,70,Born in Canada,20,Yes
Female,70,Born outside Canada,1,No
Female,70,Born in Canada,17,Yes
Female,70,Born outside Canada,7,No
Female,70,Born in Canada,17,Yes
Female,70,Born outside Canada,4,No
Female,70,Born in Canada,29,Yes
Female,70,Born outside Canada,2,No
Female,70,Born in Canada,10,Yes
Female,70,Born outside Canada,2,No
Female,70,Born in Canada,18,Yes
Female,70,Born outside Canada,3,No
Female,70,Born in Canada,18,Yes
Female,70,Born outside Canada,6,No
Female,70,Born in Canada,14,Yes
Female,70,Born outside Canada,4,No
Female,70,Born in Canada,19,Yes
Female,70,Born outside Canada,8,No
Female,70,Born in Canada,12,Yes
Female,70,Born outside Canada,3,No
Female,70,Don't know,1,NA
Female,71,Born in Canada,12,Yes
Female,71,Born outside Canada,4,No
Female,71,"NA",1,NA
Female,71,Born in Canada,16,Yes
Female,71,Born outside Canada,3,No
Female,71,Born in Canada,20,Yes
Female,71,Born outside Canada,4,No
Female,71,Born in Canada,25,Yes
Female,71,Born outside Canada,9,No
Female,71,Born in Canada,14,Yes
Female,71,Born outside Canada,2,No
Female,71,Born in Canada,12,Yes
Female,71,Born outside Canada,3,No
Female,71,Born in Canada,13,Yes
Female,71,Born outside Canada,3,No
Female,71,Born in Canada,5,Yes
Female,71,Born in Canada,19,Yes
Female,71,Born outside Canada,5,No
Female,71,Born in Canada,10,Yes
Female,71,Born outside Canada,4,No
Female,72,Born in Canada,13,Yes
Female,72,Born outside Canada,3,No
Female,72,Born in Canada,17,Yes
Female,72,Born outside Canada,3,No
Female,72,Born in Canada,8,Yes
Female,72,Born outside Canada,4,No
Female,72,Born in Canada,17,Yes
Female,72,Born outside Canada,6,No
Female,72,Born in Canada,16,Yes
Female,72,Born outside Canada,2,No
Female,72,Born in Canada,11,Yes
Female,72,Born outside Canada,3,No
Female,72,Born in Canada,11,Yes
Female,72,Born outside Canada,2,No
Female,72,Born in Canada,10,Yes
Female,72,Born outside Canada,2,No
Female,72,Born in Canada,28,Yes
Female,72,Born outside Canada,1,No
Female,72,Born in Canada,13,Yes
Female,72,Born outside Canada,2,No
Female,73,Born in Canada,8,Yes
Female,73,Born outside Canada,5,No
Female,73,Born in Canada,9,Yes
Female,73,Born outside Canada,4,No
Female,73,Born in Canada,12,Yes
Female,73,Born outside Canada,6,No
Female,73,Born in Canada,27,Yes
Female,73,Born outside Canada,5,No
Female,73,Born in Canada,10,Yes
Female,73,Born outside Canada,2,No
Female,73,Born in Canada,8,Yes
Female,73,Born outside Canada,2,No
Female,73,Born in Canada,13,Yes
Female,73,Born outside Canada,7,No
Female,73,Born in Canada,9,Yes
Female,73,Born outside Canada,2,No
Female,73,Born in Canada,14,Yes
Female,73,Born outside Canada,6,No
Female,73,Born in Canada,9,Yes
Female,73,Born outside Canada,2,No
Female,74,Born in Canada,17,Yes
Female,74,Born outside Canada,2,No
Female,74,Born in Canada,5,Yes
Female,74,Born outside Canada,2,No
Female,74,Born in Canada,11,Yes
Female,74,Born outside Canada,2,No
Female,74,Born in Canada,19,Yes
Female,74,Born outside Canada,3,No
Female,74,Born in Canada,9,Yes
Female,74,Born outside Canada,4,No
Female,74,Born in Canada,7,Yes
Female,74,Born outside Canada,2,No
Female,74,Born in Canada,11,Yes
Female,74,Born outside Canada,2,No
Female,74,Born in Canada,6,Yes
Female,74,Born outside Canada,5,No
Female,74,Born in Canada,23,Yes
Female,74,Born outside Canada,3,No
Female,74,Born in Canada,16,Yes
Female,74,Born outside Canada,7,No
Female,75,Born in Canada,9,Yes
Female,75,Born outside Canada,1,No
Female,75,Born in Canada,6,Yes
Female,75,Born outside Canada,1,No
Female,75,Born in Canada,12,Yes
Female,75,Born outside Canada,2,No
Female,75,Born in Canada,18,Yes
Female,75,Born outside Canada,4,No
Female,75,Born in Canada,9,Yes
Female,75,Born outside Canada,3,No
Female,75,Born in Canada,4,Yes
Female,75,Born outside Canada,2,No
Female,75,Born in Canada,6,Yes
Female,75,Born in Canada,13,Yes
Female,75,Born outside Canada,2,No
Female,75,Born in Canada,13,Yes
Female,75,Born outside Canada,7,No
Female,75,Don't know,1,NA
Female,75,Born in Canada,11,Yes
Female,75,Born outside Canada,2,No
Female,76,Born in Canada,9,Yes
Female,76,Born in Canada,13,Yes
Female,76,Born in Canada,9,Yes
Female,76,Born in Canada,20,Yes
Female,76,Born outside Canada,6,No
Female,76,Born in Canada,9,Yes
Female,76,Born outside Canada,2,No
Female,76,Born in Canada,5,Yes
Female,76,Born outside Canada,6,No
Female,76,Born in Canada,14,Yes
Female,76,Born outside Canada,1,No
Female,76,Born in Canada,9,Yes
Female,76,Born outside Canada,3,No
Female,76,Born in Canada,20,Yes
Female,76,Born outside Canada,5,No
Female,76,Born in Canada,8,Yes
Female,76,Born outside Canada,1,No
Female,77,Born in Canada,8,Yes
Female,77,Born outside Canada,3,No
Female,77,Born in Canada,8,Yes
Female,77,Born in Canada,7,Yes
Female,77,Born in Canada,20,Yes
Female,77,Born outside Canada,1,No
Female,77,Born in Canada,9,Yes
Female,77,Born outside Canada,5,No
Female,77,Born in Canada,7,Yes
Female,77,Born outside Canada,3,No
Female,77,Born in Canada,4,Yes
Female,77,Born outside Canada,4,No
Female,77,Born in Canada,4,Yes
Female,77,Born outside Canada,3,No
Female,77,Born in Canada,18,Yes
Female,77,Born outside Canada,4,No
Female,77,"NA",1,NA
Female,77,Born in Canada,6,Yes
Female,77,Born outside Canada,2,No
Female,78,Born in Canada,5,Yes
Female,78,Born outside Canada,2,No
Female,78,Born in Canada,5,Yes
Female,78,Born outside Canada,1,No
Female,78,Born in Canada,5,Yes
Female,78,Born outside Canada,4,No
Female,78,Born in Canada,14,Yes
Female,78,Born outside Canada,5,No
Female,78,Born in Canada,5,Yes
Female,78,Born in Canada,13,Yes
Female,78,Born outside Canada,1,No
Female,78,Born in Canada,4,Yes
Female,78,Born outside Canada,2,No
Female,78,Born in Canada,6,Yes
Female,78,Born outside Canada,6,No
Female,78,Born in Canada,19,Yes
Female,78,Born outside Canada,4,No
Female,78,Born in Canada,9,Yes
Female,78,Born outside Canada,1,No
Female,79,Born in Canada,6,Yes
Female,79,Born outside Canada,1,No
Female,79,Born in Canada,10,Yes
Female,79,Born in Canada,11,Yes
Female,79,Born outside Canada,1,No
Female,79,Born in Canada,18,Yes
Female,79,Born outside Canada,3,No
Female,79,Born in Canada,5,Yes
Female,79,Born outside Canada,1,No
Female,79,Born in Canada,10,Yes
Female,79,Born outside Canada,1,No
Female,79,Born in Canada,11,Yes
Female,79,Born outside Canada,1,No
Female,79,Born in Canada,10,Yes
Female,79,Born outside Canada,2,No
Female,79,Born in Canada,17,Yes
Female,79,Born outside Canada,8,No
Female,79,Born in Canada,4,Yes
Female,79,Born outside Canada,1,No
Female,80,Born in Canada,591,Yes
Female,80,Born outside Canada,153,No
Female,80,Don't know,2,NA
Female,80,"NA",4,NA
Male,15,Born in Canada,3,Yes
Male,15,Born outside Canada,1,No
Male,15,Born in Canada,5,Yes
Male,15,Born outside Canada,1,No
Male,15,Born in Canada,3,Yes
Male,15,Born outside Canada,2,No
Male,15,Born in Canada,7,Yes
Male,15,Born outside Canada,1,No
Male,15,Born in Canada,5,Yes
Male,15,Born in Canada,5,Yes
Male,15,Born outside Canada,2,No
Male,15,Born in Canada,1,Yes
Male,15,Born in Canada,5,Yes
Male,15,Born outside Canada,3,No
Male,15,Born in Canada,9,Yes
Male,15,Born outside Canada,1,No
Male,15,Born in Canada,5,Yes
Male,15,Born outside Canada,2,No
Male,16,Born in Canada,7,Yes
Male,16,Born in Canada,5,Yes
Male,16,Born in Canada,4,Yes
Male,16,Born outside Canada,2,No
Male,16,Born in Canada,9,Yes
Male,16,Born outside Canada,4,No
Male,16,Born in Canada,4,Yes
Male,16,Born outside Canada,3,No
Male,16,Born in Canada,6,Yes
Male,16,Born in Canada,5,Yes
Male,16,Born in Canada,4,Yes
Male,16,Born outside Canada,1,No
Male,16,Born in Canada,17,Yes
Male,16,Born outside Canada,4,No
Male,16,Born in Canada,3,Yes
Male,17,Born in Canada,6,Yes
Male,17,Born in Canada,4,Yes
Male,17,Born outside Canada,2,No
Male,17,Born in Canada,7,Yes
Male,17,Born outside Canada,1,No
Male,17,Born in Canada,11,Yes
Male,17,Born outside Canada,2,No
Male,17,Born in Canada,6,Yes
Male,17,Born outside Canada,1,No
Male,17,Born in Canada,3,Yes
Male,17,Born outside Canada,3,No
Male,17,Born in Canada,4,Yes
Male,17,Born outside Canada,1,No
Male,17,Born in Canada,8,Yes
Male,17,Born in Canada,8,Yes
Male,17,Born in Canada,8,Yes
Male,18,Born in Canada,2,Yes
Male,18,Born outside Canada,1,No
Male,18,Born in Canada,6,Yes
Male,18,Born outside Canada,3,No
Male,18,Born in Canada,4,Yes
Male,18,Born in Canada,14,Yes
Male,18,Born outside Canada,3,No
Male,18,Born in Canada,3,Yes
Male,18,Born in Canada,4,Yes
Male,18,Born outside Canada,1,No
Male,18,Born in Canada,4,Yes
Male,18,Born outside Canada,1,No
Male,18,Born in Canada,3,Yes
Male,18,Born outside Canada,3,No
Male,18,Born in Canada,9,Yes
Male,18,Born outside Canada,3,No
Male,18,Born in Canada,3,Yes
Male,18,Born outside Canada,1,No
Male,19,Born in Canada,4,Yes
Male,19,Born in Canada,1,Yes
Male,19,"NA",1,NA
Male,19,Born in Canada,4,Yes
Male,19,Born outside Canada,1,No
Male,19,Born in Canada,5,Yes
Male,19,Born outside Canada,1,No
Male,19,Born in Canada,13,Yes
Male,19,Born outside Canada,2,No
Male,19,Born in Canada,7,Yes
Male,19,Born outside Canada,1,No
Male,19,Born in Canada,3,Yes
Male,19,Born outside Canada,1,No
Male,19,Born in Canada,5,Yes
Male,19,Born in Canada,8,Yes
Male,19,Born outside Canada,3,No
Male,19,Born in Canada,8,Yes
Male,19,Born outside Canada,2,No
Male,20,Born in Canada,7,Yes
Male,20,Born outside Canada,4,No
Male,20,Born in Canada,4,Yes
Male,20,Born outside Canada,2,No
Male,20,Born in Canada,9,Yes
Male,20,Born outside Canada,1,No
Male,20,Born in Canada,6,Yes
Male,20,Born outside Canada,6,No
Male,20,"NA",1,NA
Male,20,Born in Canada,4,Yes
Male,20,Born outside Canada,2,No
Male,20,Born in Canada,2,Yes
Male,20,Born outside Canada,4,No
Male,20,Born in Canada,3,Yes
Male,20,Born outside Canada,1,No
Male,20,Born in Canada,4,Yes
Male,20,Born outside Canada,1,No
Male,20,Born in Canada,11,Yes
Male,20,Born outside Canada,2,No
Male,20,Born in Canada,4,Yes
Male,20,Born outside Canada,2,No
Male,21,Born in Canada,9,Yes
Male,21,Born outside Canada,3,No
Male,21,"NA",1,NA
Male,21,Born in Canada,3,Yes
Male,21,Born outside Canada,1,No
Male,21,Born in Canada,8,Yes
Male,21,Born outside Canada,1,No
Male,21,Born in Canada,8,Yes
Male,21,Born outside Canada,3,No
Male,21,Born in Canada,8,Yes
Male,21,Born outside Canada,1,No
Male,21,Born in Canada,4,Yes
Male,21,Born outside Canada,3,No
Male,21,Born in Canada,6,Yes
Male,21,Born in Canada,2,Yes
Male,21,Born outside Canada,1,No
Male,21,Born in Canada,8,Yes
Male,21,Born outside Canada,3,No
Male,21,Born in Canada,6,Yes
Male,22,Born in Canada,5,Yes
Male,22,Born outside Canada,2,No
Male,22,Born in Canada,8,Yes
Male,22,Born outside Canada,2,No
Male,22,Born in Canada,4,Yes
Male,22,Born in Canada,15,Yes
Male,22,Born outside Canada,3,No
Male,22,Born in Canada,6,Yes
Male,22,Born outside Canada,1,No
Male,22,"NA",1,NA
Male,22,Born in Canada,7,Yes
Male,22,Born outside Canada,2,No
Male,22,Born in Canada,9,Yes
Male,22,Born outside Canada,2,No
Male,22,Born in Canada,4,Yes
Male,22,Born in Canada,15,Yes
Male,22,Born outside Canada,5,No
Male,22,Born in Canada,4,Yes
Male,22,Born outside Canada,1,No
Male,23,Born in Canada,5,Yes
Male,23,Born outside Canada,1,No
Male,23,Born in Canada,9,Yes
Male,23,Born outside Canada,1,No
Male,23,Born in Canada,3,Yes
Male,23,Born in Canada,12,Yes
Male,23,Born outside Canada,5,No
Male,23,Born in Canada,6,Yes
Male,23,Born outside Canada,1,No
Male,23,Born in Canada,6,Yes
Male,23,Born in Canada,6,Yes
Male,23,Born in Canada,5,Yes
Male,23,Born outside Canada,1,No
Male,23,Born in Canada,8,Yes
Male,23,Born outside Canada,4,No
Male,23,Born in Canada,2,Yes
Male,23,Born outside Canada,2,No
Male,24,Born in Canada,7,Yes
Male,24,Born in Canada,6,Yes
Male,24,Born outside Canada,1,No
Male,24,Born in Canada,5,Yes
Male,24,Born outside Canada,2,No
Male,24,Born in Canada,12,Yes
Male,24,Born outside Canada,5,No
Male,24,Born in Canada,3,Yes
Male,24,Born outside Canada,2,No
Male,24,Born in Canada,9,Yes
Male,24,Born outside Canada,2,No
Male,24,Born in Canada,3,Yes
Male,24,Born outside Canada,1,No
Male,24,Don't know,1,NA
Male,24,Born in Canada,6,Yes
Male,24,Born in Canada,9,Yes
Male,24,Born outside Canada,2,No
Male,24,Born in Canada,3,Yes
Male,24,Born outside Canada,3,No
Male,25,Born in Canada,7,Yes
Male,25,Born outside Canada,2,No
Male,25,Born in Canada,9,Yes
Male,25,Born outside Canada,2,No
Male,25,Born in Canada,8,Yes
Male,25,Born outside Canada,2,No
Male,25,Born in Canada,13,Yes
Male,25,Born outside Canada,3,No
Male,25,"NA",2,NA
Male,25,Born in Canada,5,Yes
Male,25,Born outside Canada,2,No
Male,25,Born in Canada,6,Yes
Male,25,Born outside Canada,3,No
Male,25,Born in Canada,9,Yes
Male,25,Born outside Canada,1,No
Male,25,Born in Canada,4,Yes
Male,25,Born outside Canada,2,No
Male,25,Born in Canada,17,Yes
Male,25,Born outside Canada,1,No
Male,25,Born in Canada,6,Yes
Male,26,Born in Canada,7,Yes
Male,26,Born in Canada,7,Yes
Male,26,Born in Canada,8,Yes
Male,26,Born outside Canada,4,No
Male,26,Born in Canada,11,Yes
Male,26,Born outside Canada,3,No
Male,26,Born in Canada,11,Yes
Male,26,Born outside Canada,1,No
Male,26,Born in Canada,11,Yes
Male,26,Born outside Canada,6,No
Male,26,Born in Canada,5,Yes
Male,26,Born in Canada,6,Yes
Male,26,Born in Canada,7,Yes
Male,26,Born outside Canada,5,No
Male,26,Born in Canada,7,Yes
Male,26,Born outside Canada,2,No
Male,27,Born in Canada,5,Yes
Male,27,Born outside Canada,1,No
Male,27,Born in Canada,4,Yes
Male,27,Born outside Canada,1,No
Male,27,Born in Canada,8,Yes
Male,27,Born outside Canada,2,No
Male,27,Born in Canada,11,Yes
Male,27,Born outside Canada,3,No
Male,27,Born in Canada,11,Yes
Male,27,Born outside Canada,2,No
Male,27,Born in Canada,5,Yes
Male,27,Born outside Canada,1,No
Male,27,Born in Canada,6,Yes
Male,27,Born outside Canada,1,No
Male,27,Born in Canada,9,Yes
Male,27,Born outside Canada,2,No
Male,27,Born in Canada,15,Yes
Male,27,Born outside Canada,6,No
Male,27,Born in Canada,6,Yes
Male,27,Born outside Canada,3,No
Male,28,Born in Canada,12,Yes
Male,28,Born outside Canada,4,No
Male,28,Born in Canada,3,Yes
Male,28,Born outside Canada,1,No
Male,28,Born in Canada,7,Yes
Male,28,Born outside Canada,5,No
Male,28,Born in Canada,13,Yes
Male,28,Born outside Canada,2,No
Male,28,Born in Canada,13,Yes
Male,28,Born outside Canada,4,No
Male,28,Born in Canada,6,Yes
Male,28,Born outside Canada,2,No
Male,28,Born in Canada,13,Yes
Male,28,Born outside Canada,2,No
Male,28,Born in Canada,7,Yes
Male,28,Born outside Canada,3,No
Male,28,Born in Canada,12,Yes
Male,28,Born outside Canada,5,No
Male,28,Born in Canada,5,Yes
Male,28,Born outside Canada,1,No
Male,29,Born in Canada,11,Yes
Male,29,Born outside Canada,2,No
Male,29,"NA",1,NA
Male,29,Born in Canada,9,Yes
Male,29,Born outside Canada,3,No
Male,29,Born in Canada,14,Yes
Male,29,Born outside Canada,3,No
Male,29,Born in Canada,16,Yes
Male,29,Born outside Canada,3,No
Male,29,Born in Canada,7,Yes
Male,29,Born outside Canada,1,No
Male,29,Born in Canada,9,Yes
Male,29,Born outside Canada,1,No
Male,29,Born in Canada,3,Yes
Male,29,Born outside Canada,4,No
Male,29,Born in Canada,11,Yes
Male,29,Born outside Canada,2,No
Male,29,Born in Canada,11,Yes
Male,29,Born outside Canada,4,No
Male,29,Born in Canada,12,Yes
Male,29,Born outside Canada,3,No
Male,30,Born in Canada,7,Yes
Male,30,Born outside Canada,1,No
Male,30,Born in Canada,15,Yes
Male,30,Born outside Canada,5,No
Male,30,"NA",1,NA
Male,30,Born in Canada,12,Yes
Male,30,Born outside Canada,5,No
Male,30,Born in Canada,28,Yes
Male,30,Born outside Canada,4,No
Male,30,Born in Canada,8,Yes
Male,30,Born outside Canada,4,No
Male,30,Born in Canada,9,Yes
Male,30,Born in Canada,9,Yes
Male,30,Born outside Canada,4,No
Male,30,Born in Canada,9,Yes
Male,30,Born outside Canada,5,No
Male,30,Born in Canada,22,Yes
Male,30,Born outside Canada,6,No
Male,30,Born in Canada,14,Yes
Male,30,Born outside Canada,1,No
Male,31,Born in Canada,12,Yes
Male,31,Born outside Canada,3,No
Male,31,Born in Canada,10,Yes
Male,31,Born outside Canada,1,No
Male,31,"NA",1,NA
Male,31,Born in Canada,8,Yes
Male,31,Born outside Canada,5,No
Male,31,Born in Canada,19,Yes
Male,31,Born outside Canada,5,No
Male,31,Don't know,1,NA
Male,31,"NA",1,NA
Male,31,Born in Canada,8,Yes
Male,31,Born outside Canada,3,No
Male,31,Born in Canada,5,Yes
Male,31,Born outside Canada,2,No
Male,31,Born in Canada,10,Yes
Male,31,Born outside Canada,1,No
Male,31,Born in Canada,8,Yes
Male,31,Born outside Canada,4,No
Male,31,Born in Canada,22,Yes
Male,31,Born outside Canada,6,No
Male,31,Born in Canada,7,Yes
Male,31,Born outside Canada,3,No
Male,32,Born in Canada,3,Yes
Male,32,Born outside Canada,2,No
Male,32,"NA",1,NA
Male,32,Born in Canada,11,Yes
Male,32,Born outside Canada,3,No
Male,32,Born in Canada,8,Yes
Male,32,Born outside Canada,3,No
Male,32,Born in Canada,14,Yes
Male,32,Born outside Canada,11,No
Male,32,Born in Canada,14,Yes
Male,32,Born outside Canada,6,No
Male,32,"NA",1,NA
Male,32,Born in Canada,6,Yes
Male,32,Born outside Canada,5,No
Male,32,Born in Canada,6,Yes
Male,32,Born outside Canada,1,No
Male,32,Born in Canada,9,Yes
Male,32,Born in Canada,17,Yes
Male,32,Born outside Canada,3,No
Male,32,Born in Canada,14,Yes
Male,32,Born outside Canada,4,No
Male,33,Born in Canada,10,Yes
Male,33,Born outside Canada,3,No
Male,33,Born in Canada,9,Yes
Male,33,Born outside Canada,2,No
Male,33,Born in Canada,7,Yes
Male,33,Born outside Canada,3,No
Male,33,Born in Canada,25,Yes
Male,33,Born outside Canada,5,No
Male,33,Born in Canada,12,Yes
Male,33,Born outside Canada,2,No
Male,33,Born in Canada,8,Yes
Male,33,Born outside Canada,3,No
Male,33,"NA",1,NA
Male,33,Born in Canada,13,Yes
Male,33,Born outside Canada,2,No
Male,33,Born in Canada,1,Yes
Male,33,Born outside Canada,2,No
Male,33,Born in Canada,14,Yes
Male,33,Born outside Canada,5,No
Male,33,Born in Canada,10,Yes
Male,33,Born outside Canada,2,No
Male,34,Born in Canada,10,Yes
Male,34,Born outside Canada,2,No
Male,34,Don't know,1,NA
Male,34,Born in Canada,5,Yes
Male,34,Born outside Canada,3,No
Male,34,Born in Canada,11,Yes
Male,34,Born outside Canada,2,No
Male,34,Born in Canada,17,Yes
Male,34,Born outside Canada,8,No
Male,34,Born in Canada,7,Yes
Male,34,Born outside Canada,4,No
Male,34,Born in Canada,11,Yes
Male,34,Born outside Canada,3,No
Male,34,Don't know,1,NA
Male,34,"NA",1,NA
Male,34,Born in Canada,11,Yes
Male,34,Born outside Canada,3,No
Male,34,Born in Canada,8,Yes
Male,34,Born outside Canada,1,No
Male,34,Born in Canada,28,Yes
Male,34,Born outside Canada,4,No
Male,34,Born in Canada,12,Yes
Male,34,Born outside Canada,5,No
Male,35,Born in Canada,12,Yes
Male,35,Born outside Canada,3,No
Male,35,Born in Canada,8,Yes
Male,35,Born outside Canada,5,No
Male,35,Don't know,1,NA
Male,35,Born in Canada,11,Yes
Male,35,Born outside Canada,8,No
Male,35,Born in Canada,20,Yes
Male,35,Born outside Canada,9,No
Male,35,Born in Canada,4,Yes
Male,35,Born outside Canada,2,No
Male,35,Born in Canada,13,Yes
Male,35,Born outside Canada,4,No
Male,35,Born in Canada,11,Yes
Male,35,Born outside Canada,1,No
Male,35,Born in Canada,14,Yes
Male,35,Born outside Canada,3,No
Male,35,Born in Canada,22,Yes
Male,35,Born outside Canada,7,No
Male,35,"NA",1,NA
Male,35,Born in Canada,7,Yes
Male,35,Born outside Canada,4,No
Male,36,Born in Canada,12,Yes
Male,36,Born outside Canada,5,No
Male,36,Born in Canada,11,Yes
Male,36,Born outside Canada,9,No
Male,36,Born in Canada,10,Yes
Male,36,Born outside Canada,2,No
Male,36,Born in Canada,24,Yes
Male,36,Born outside Canada,4,No
Male,36,Born in Canada,14,Yes
Male,36,Born outside Canada,3,No
Male,36,Born in Canada,7,Yes
Male,36,Born in Canada,9,Yes
Male,36,Born outside Canada,5,No
Male,36,Born in Canada,9,Yes
Male,36,Born outside Canada,4,No
Male,36,Born in Canada,18,Yes
Male,36,Born outside Canada,5,No
Male,36,Born in Canada,6,Yes
Male,36,Born outside Canada,3,No
Male,36,"NA",1,NA
Male,37,Born in Canada,11,Yes
Male,37,Born outside Canada,5,No
Male,37,Born in Canada,11,Yes
Male,37,Born outside Canada,5,No
Male,37,"NA",1,NA
Male,37,Born in Canada,4,Yes
Male,37,Born outside Canada,2,No
Male,37,Don't know,1,NA
Male,37,Born in Canada,25,Yes
Male,37,Born outside Canada,8,No
Male,37,Born in Canada,8,Yes
Male,37,Born outside Canada,3,No
Male,37,Born in Canada,10,Yes
Male,37,Born outside Canada,2,No
Male,37,Born in Canada,9,Yes
Male,37,Born outside Canada,1,No
Male,37,Born in Canada,10,Yes
Male,37,Born outside Canada,2,No
Male,37,Born in Canada,12,Yes
Male,37,Born outside Canada,13,No
Male,37,Born in Canada,15,Yes
Male,37,Born outside Canada,3,No
Male,38,Born in Canada,13,Yes
Male,38,Born outside Canada,1,No
Male,38,Born in Canada,13,Yes
Male,38,Born outside Canada,2,No
Male,38,Born in Canada,9,Yes
Male,38,Born outside Canada,3,No
Male,38,Born in Canada,23,Yes
Male,38,Born outside Canada,4,No
Male,38,Born in Canada,11,Yes
Male,38,Born outside Canada,5,No
Male,38,Don't know,1,NA
Male,38,Born in Canada,7,Yes
Male,38,Born outside Canada,3,No
Male,38,Born in Canada,5,Yes
Male,38,Born outside Canada,1,No
Male,38,Born in Canada,8,Yes
Male,38,Born outside Canada,2,No
Male,38,Born in Canada,20,Yes
Male,38,Born outside Canada,6,No
Male,38,Born in Canada,12,Yes
Male,38,Born outside Canada,2,No
Male,39,Born in Canada,12,Yes
Male,39,Born outside Canada,3,No
Male,39,Don't know,1,NA
Male,39,Born in Canada,12,Yes
Male,39,Born outside Canada,5,No
Male,39,Don't know,1,NA
Male,39,Born in Canada,6,Yes
Male,39,Born outside Canada,1,No
Male,39,Born in Canada,21,Yes
Male,39,Born outside Canada,4,No
Male,39,Born in Canada,11,Yes
Male,39,Born outside Canada,2,No
Male,39,Born in Canada,12,Yes
Male,39,Born outside Canada,5,No
Male,39,Born in Canada,9,Yes
Male,39,Born outside Canada,5,No
Male,39,Born in Canada,10,Yes
Male,39,Born outside Canada,5,No
Male,39,Born in Canada,11,Yes
Male,39,Born outside Canada,3,No
Male,39,Born in Canada,9,Yes
Male,39,Born outside Canada,5,No
Male,40,Born in Canada,8,Yes
Male,40,Born outside Canada,1,No
Male,40,Born in Canada,11,Yes
Male,40,Born outside Canada,2,No
Male,40,Born in Canada,7,Yes
Male,40,Born outside Canada,4,No
Male,40,Born in Canada,17,Yes
Male,40,Born outside Canada,4,No
Male,40,Born in Canada,7,Yes
Male,40,Born outside Canada,1,No
Male,40,Born in Canada,6,Yes
Male,40,Born outside Canada,3,No
Male,40,Born in Canada,10,Yes
Male,40,Born outside Canada,4,No
Male,40,Born in Canada,13,Yes
Male,40,Born outside Canada,1,No
Male,40,Born in Canada,25,Yes
Male,40,Born outside Canada,7,No
Male,40,Born in Canada,17,Yes
Male,40,Born outside Canada,1,No
Male,41,Born in Canada,9,Yes
Male,41,Born outside Canada,4,No
Male,41,Don't know,1,NA
Male,41,Born in Canada,7,Yes
Male,41,Born outside Canada,3,No
Male,41,Born in Canada,12,Yes
Male,41,Born outside Canada,4,No
Male,41,Born in Canada,23,Yes
Male,41,Born outside Canada,8,No
Male,41,Born in Canada,9,Yes
Male,41,Born outside Canada,2,No
Male,41,Born in Canada,5,Yes
Male,41,Born outside Canada,3,No
Male,41,Born in Canada,10,Yes
Male,41,Born outside Canada,1,No
Male,41,Born in Canada,3,Yes
Male,41,Born outside Canada,4,No
Male,41,Born in Canada,17,Yes
Male,41,Born outside Canada,5,No
Male,41,Born in Canada,9,Yes
Male,41,Born outside Canada,2,No
Male,41,"NA",1,NA
Male,42,Born in Canada,6,Yes
Male,42,Born outside Canada,4,No
Male,42,"NA",1,NA
Male,42,Born in Canada,7,Yes
Male,42,Born outside Canada,6,No
Male,42,Born in Canada,5,Yes
Male,42,Born outside Canada,4,No
Male,42,Born in Canada,13,Yes
Male,42,Born outside Canada,10,No
Male,42,Born in Canada,9,Yes
Male,42,Born outside Canada,2,No
Male,42,Born in Canada,10,Yes
Male,42,Born outside Canada,2,No
Male,42,Born in Canada,10,Yes
Male,42,Born outside Canada,2,No
Male,42,Born in Canada,10,Yes
Male,42,Born outside Canada,3,No
Male,42,Born in Canada,20,Yes
Male,42,Born outside Canada,6,No
Male,42,Born in Canada,8,Yes
Male,43,Born in Canada,8,Yes
Male,43,Born outside Canada,1,No
Male,43,Born in Canada,9,Yes
Male,43,Born outside Canada,3,No
Male,43,Born in Canada,14,Yes
Male,43,Born outside Canada,4,No
Male,43,Born in Canada,16,Yes
Male,43,Born outside Canada,8,No
Male,43,Born in Canada,7,Yes
Male,43,Born in Canada,8,Yes
Male,43,Born outside Canada,5,No
Male,43,Don't know,1,NA
Male,43,Born in Canada,5,Yes
Male,43,Born outside Canada,4,No
Male,43,"NA",1,NA
Male,43,Born in Canada,7,Yes
Male,43,Born outside Canada,1,No
Male,43,Born in Canada,16,Yes
Male,43,Born outside Canada,1,No
Male,43,Born in Canada,12,Yes
Male,43,Born outside Canada,7,No
Male,44,Born in Canada,9,Yes
Male,44,Born outside Canada,2,No
Male,44,Born in Canada,12,Yes
Male,44,Born outside Canada,4,No
Male,44,Born in Canada,6,Yes
Male,44,Born outside Canada,3,No
Male,44,Born in Canada,19,Yes
Male,44,Born outside Canada,10,No
Male,44,"NA",1,NA
Male,44,Born in Canada,9,Yes
Male,44,Born outside Canada,3,No
Male,44,Born in Canada,6,Yes
Male,44,Born outside Canada,4,No
Male,44,Born in Canada,8,Yes
Male,44,Born outside Canada,3,No
Male,44,Born in Canada,8,Yes
Male,44,Born outside Canada,1,No
Male,44,Born in Canada,24,Yes
Male,44,Born outside Canada,7,No
Male,44,Born in Canada,4,Yes
Male,44,Born outside Canada,2,No
Male,45,Born in Canada,6,Yes
Male,45,Born outside Canada,4,No
Male,45,Born in Canada,8,Yes
Male,45,Born outside Canada,3,No
Male,45,Don't know,1,NA
Male,45,"NA",1,NA
Male,45,Born in Canada,8,Yes
Male,45,Born outside Canada,4,No
Male,45,"NA",1,NA
Male,45,Born in Canada,16,Yes
Male,45,Born outside Canada,8,No
Male,45,Born in Canada,6,Yes
Male,45,Born outside Canada,3,No
Male,45,"NA",1,NA
Male,45,Born in Canada,7,Yes
Male,45,Born in Canada,4,Yes
Male,45,Born outside Canada,3,No
Male,45,Born in Canada,7,Yes
Male,45,Born outside Canada,4,No
Male,45,Born in Canada,21,Yes
Male,45,Born outside Canada,2,No
Male,45,Born in Canada,6,Yes
Male,45,Born outside Canada,2,No
Male,46,Born in Canada,7,Yes
Male,46,Born outside Canada,1,No
Male,46,Born in Canada,8,Yes
Male,46,Born outside Canada,1,No
Male,46,Born in Canada,6,Yes
Male,46,Born outside Canada,2,No
Male,46,Born in Canada,17,Yes
Male,46,Born outside Canada,6,No
Male,46,Born in Canada,10,Yes
Male,46,Born outside Canada,3,No
Male,46,Born in Canada,7,Yes
Male,46,Born outside Canada,5,No
Male,46,Born in Canada,14,Yes
Male,46,Born outside Canada,8,No
Male,46,Born in Canada,8,Yes
Male,46,Born outside Canada,3,No
Male,46,Born in Canada,13,Yes
Male,46,Born outside Canada,6,No
Male,46,Born in Canada,5,Yes
Male,46,Born outside Canada,3,No
Male,47,Born in Canada,8,Yes
Male,47,Born outside Canada,2,No
Male,47,Born in Canada,7,Yes
Male,47,Born in Canada,6,Yes
Male,47,Born outside Canada,2,No
Male,47,Born in Canada,20,Yes
Male,47,Born outside Canada,7,No
Male,47,Born in Canada,8,Yes
Male,47,Born outside Canada,2,No
Male,47,"NA",1,NA
Male,47,Born in Canada,5,Yes
Male,47,Born outside Canada,4,No
Male,47,Born in Canada,4,Yes
Male,47,Born outside Canada,1,No
Male,47,"NA",1,NA
Male,47,Born in Canada,6,Yes
Male,47,Born outside Canada,1,No
Male,47,Born in Canada,19,Yes
Male,47,Born outside Canada,5,No
Male,47,"NA",1,NA
Male,47,Born in Canada,2,Yes
Male,48,Born in Canada,5,Yes
Male,48,Born outside Canada,3,No
Male,48,Born in Canada,8,Yes
Male,48,Born outside Canada,3,No
Male,48,Born in Canada,10,Yes
Male,48,Born outside Canada,3,No
Male,48,Born in Canada,22,Yes
Male,48,Born outside Canada,3,No
Male,48,Born in Canada,9,Yes
Male,48,Born in Canada,8,Yes
Male,48,Born outside Canada,4,No
Male,48,Born in Canada,9,Yes
Male,48,Born outside Canada,1,No
Male,48,Born in Canada,7,Yes
Male,48,Born outside Canada,1,No
Male,48,"NA",1,NA
Male,48,Born in Canada,21,Yes
Male,48,Born outside Canada,8,No
Male,48,Born in Canada,11,Yes
Male,48,Born outside Canada,3,No
Male,49,Born in Canada,4,Yes
Male,49,Born outside Canada,7,No
Male,49,Born in Canada,6,Yes
Male,49,Born outside Canada,2,No
Male,49,Born in Canada,6,Yes
Male,49,Born outside Canada,3,No
Male,49,Born in Canada,14,Yes
Male,49,Born outside Canada,5,No
Male,49,Born in Canada,8,Yes
Male,49,Born outside Canada,1,No
Male,49,Born in Canada,7,Yes
Male,49,Born outside Canada,1,No
Male,49,"NA",1,NA
Male,49,Born in Canada,12,Yes
Male,49,Born outside Canada,3,No
Male,49,Born in Canada,6,Yes
Male,49,Born outside Canada,3,No
Male,49,Don't know,1,NA
Male,49,Born in Canada,19,Yes
Male,49,Born outside Canada,1,No
Male,49,Born in Canada,7,Yes
Male,49,Born outside Canada,6,No
Male,50,Born in Canada,11,Yes
Male,50,Born outside Canada,4,No
Male,50,Born in Canada,13,Yes
Male,50,Born outside Canada,1,No
Male,50,Born in Canada,8,Yes
Male,50,Born in Canada,19,Yes
Male,50,Born outside Canada,3,No
Male,50,Born in Canada,9,Yes
Male,50,Born outside Canada,2,No
Male,50,Born in Canada,6,Yes
Male,50,Born outside Canada,3,No
Male,50,Born in Canada,11,Yes
Male,50,Born in Canada,8,Yes
Male,50,Born outside Canada,4,No
Male,50,Born in Canada,21,Yes
Male,50,Born outside Canada,6,No
Male,50,Born in Canada,13,Yes
Male,50,Born outside Canada,2,No
Male,51,Born in Canada,13,Yes
Male,51,Born outside Canada,1,No
Male,51,Born in Canada,8,Yes
Male,51,Born in Canada,7,Yes
Male,51,Born outside Canada,6,No
Male,51,Born in Canada,15,Yes
Male,51,Born outside Canada,3,No
Male,51,Born in Canada,10,Yes
Male,51,Born outside Canada,2,No
Male,51,Born in Canada,8,Yes
Male,51,Born outside Canada,2,No
Male,51,Born in Canada,8,Yes
Male,51,Born outside Canada,3,No
Male,51,Born in Canada,11,Yes
Male,51,Born outside Canada,3,No
Male,51,"NA",1,NA
Male,51,Born in Canada,21,Yes
Male,51,Born outside Canada,4,No
Male,51,Born in Canada,2,Yes
Male,51,Born outside Canada,1,No
Male,52,Born in Canada,15,Yes
Male,52,Born outside Canada,6,No
Male,52,"NA",1,NA
Male,52,Born in Canada,9,Yes
Male,52,Born outside Canada,3,No
Male,52,"NA",1,NA
Male,52,Born in Canada,5,Yes
Male,52,Born outside Canada,1,No
Male,52,Born in Canada,26,Yes
Male,52,Born outside Canada,9,No
Male,52,Born in Canada,10,Yes
Male,52,Born outside Canada,1,No
Male,52,Born in Canada,9,Yes
Male,52,Born outside Canada,2,No
Male,52,Born in Canada,19,Yes
Male,52,Born outside Canada,4,No
Male,52,Born in Canada,10,Yes
Male,52,Born outside Canada,6,No
Male,52,Born in Canada,24,Yes
Male,52,Born outside Canada,6,No
Male,52,Born in Canada,14,Yes
Male,52,"NA",1,NA
Male,53,Born in Canada,13,Yes
Male,53,Born in Canada,8,Yes
Male,53,Don't know,1,NA
Male,53,Born in Canada,16,Yes
Male,53,Born outside Canada,4,No
Male,53,Born in Canada,20,Yes
Male,53,Born outside Canada,6,No
Male,53,"NA",1,NA
Male,53,Born in Canada,12,Yes
Male,53,Born outside Canada,1,No
Male,53,Born in Canada,7,Yes
Male,53,Born outside Canada,2,No
Male,53,Born in Canada,8,Yes
Male,53,Born in Canada,18,Yes
Male,53,Born outside Canada,2,No
Male,53,Born in Canada,22,Yes
Male,53,Born outside Canada,6,No
Male,53,Born in Canada,12,Yes
Male,53,Born outside Canada,2,No
Male,54,Born in Canada,20,Yes
Male,54,Born outside Canada,1,No
Male,54,Born in Canada,11,Yes
Male,54,Born outside Canada,4,No
Male,54,Born in Canada,17,Yes
Male,54,Born outside Canada,3,No
Male,54,Born in Canada,25,Yes
Male,54,Born outside Canada,2,No
Male,54,Born in Canada,11,Yes
Male,54,Born outside Canada,1,No
Male,54,Born in Canada,9,Yes
Male,54,Born outside Canada,3,No
Male,54,Born in Canada,9,Yes
Male,54,Born in Canada,17,Yes
Male,54,Born outside Canada,3,No
Male,54,Born in Canada,18,Yes
Male,54,Born outside Canada,8,No
Male,54,Born in Canada,13,Yes
Male,54,Born outside Canada,2,No
Male,55,Born in Canada,16,Yes
Male,55,Born outside Canada,1,No
Male,55,Born in Canada,15,Yes
Male,55,Born outside Canada,5,No
Male,55,Born in Canada,16,Yes
Male,55,Born outside Canada,2,No
Male,55,Born in Canada,30,Yes
Male,55,Born outside Canada,3,No
Male,55,Born in Canada,13,Yes
Male,55,Born outside Canada,1,No
Male,55,Born in Canada,18,Yes
Male,55,Born outside Canada,3,No
Male,55,"NA",1,NA
Male,55,Born in Canada,13,Yes
Male,55,Born outside Canada,1,No
Male,55,Born in Canada,10,Yes
Male,55,Born outside Canada,3,No
Male,55,Born in Canada,22,Yes
Male,55,Born outside Canada,3,No
Male,55,Born in Canada,14,Yes
Male,55,Born outside Canada,3,No
Male,56,Born in Canada,14,Yes
Male,56,Born outside Canada,2,No
Male,56,Born in Canada,18,Yes
Male,56,Born outside Canada,5,No
Male,56,Born in Canada,12,Yes
Male,56,Born outside Canada,5,No
Male,56,Born in Canada,18,Yes
Male,56,Born outside Canada,5,No
Male,56,Born in Canada,14,Yes
Male,56,Born outside Canada,2,No
Male,56,Born in Canada,11,Yes
Male,56,Born outside Canada,4,No
Male,56,Don't know,1,NA
Male,56,Born in Canada,15,Yes
Male,56,Born outside Canada,1,No
Male,56,Born in Canada,18,Yes
Male,56,Born outside Canada,5,No
Male,56,Born in Canada,33,Yes
Male,56,Born outside Canada,4,No
Male,56,Born in Canada,9,Yes
Male,56,Born outside Canada,2,No
Male,57,Born in Canada,16,Yes
Male,57,Born outside Canada,2,No
Male,57,Born in Canada,13,Yes
Male,57,"NA",1,NA
Male,57,Born in Canada,12,Yes
Male,57,Born outside Canada,3,No
Male,57,Born in Canada,24,Yes
Male,57,Born outside Canada,2,No
Male,57,Born in Canada,12,Yes
Male,57,Born outside Canada,3,No
Male,57,Born in Canada,13,Yes
Male,57,Born outside Canada,2,No
Male,57,Born in Canada,12,Yes
Male,57,Born in Canada,12,Yes
Male,57,Born outside Canada,1,No
Male,57,Born in Canada,23,Yes
Male,57,Born outside Canada,8,No
Male,57,Born in Canada,17,Yes
Male,57,Born outside Canada,2,No
Male,58,Born in Canada,18,Yes
Male,58,Born outside Canada,3,No
Male,58,Don't know,1,NA
Male,58,Born in Canada,17,Yes
Male,58,Born outside Canada,3,No
Male,58,Born in Canada,4,Yes
Male,58,Born outside Canada,1,No
Male,58,Born in Canada,35,Yes
Male,58,Born outside Canada,8,No
Male,58,Born in Canada,13,Yes
Male,58,Born outside Canada,2,No
Male,58,Born in Canada,12,Yes
Male,58,Born outside Canada,2,No
Male,58,Born in Canada,14,Yes
Male,58,Born outside Canada,3,No
Male,58,Born in Canada,14,Yes
Male,58,Born outside Canada,1,No
Male,58,Born in Canada,24,Yes
Male,58,Born outside Canada,7,No
Male,58,Born in Canada,11,Yes
Male,58,Born outside Canada,2,No
Male,59,Born in Canada,16,Yes
Male,59,Born outside Canada,3,No
Male,59,Born in Canada,12,Yes
Male,59,Born in Canada,15,Yes
Male,59,Born outside Canada,1,No
Male,59,Born in Canada,22,Yes
Male,59,Born outside Canada,2,No
Male,59,Born in Canada,20,Yes
Male,59,Born outside Canada,2,No
Male,59,Born in Canada,13,Yes
Male,59,Born outside Canada,3,No
Male,59,Born in Canada,11,Yes
Male,59,Born outside Canada,2,No
Male,59,Born in Canada,11,Yes
Male,59,Born outside Canada,6,No
Male,59,Born in Canada,24,Yes
Male,59,Born outside Canada,2,No
Male,59,Don't know,1,NA
Male,59,Born in Canada,16,Yes
Male,59,Born outside Canada,2,No
Male,60,Born in Canada,16,Yes
Male,60,Born outside Canada,3,No
Male,60,Born in Canada,15,Yes
Male,60,Born outside Canada,4,No
Male,60,Born in Canada,12,Yes
Male,60,Born outside Canada,2,No
Male,60,Born in Canada,27,Yes
Male,60,Born outside Canada,9,No
Male,60,Born in Canada,9,Yes
Male,60,Born outside Canada,3,No
Male,60,Born in Canada,16,Yes
Male,60,Born outside Canada,3,No
Male,60,Born in Canada,16,Yes
Male,60,Born outside Canada,3,No
Male,60,Born in Canada,16,Yes
Male,60,Born outside Canada,2,No
Male,60,Born in Canada,21,Yes
Male,60,Born outside Canada,7,No
Male,60,Born in Canada,19,Yes
Male,60,Born outside Canada,2,No
Male,61,Born in Canada,10,Yes
Male,61,Born in Canada,13,Yes
Male,61,Born outside Canada,3,No
Male,61,Don't know,1,NA
Male,61,Born in Canada,16,Yes
Male,61,Born outside Canada,2,No
Male,61,Born in Canada,30,Yes
Male,61,Born outside Canada,3,No
Male,61,Born in Canada,7,Yes
Male,61,Born outside Canada,1,No
Male,61,Born in Canada,15,Yes
Male,61,Born outside Canada,4,No
Male,61,Born in Canada,18,Yes
Male,61,Born outside Canada,2,No
Male,61,Born in Canada,7,Yes
Male,61,Born outside Canada,2,No
Male,61,Born in Canada,25,Yes
Male,61,Born outside Canada,2,No
Male,61,Born in Canada,21,Yes
Male,61,Born outside Canada,1,No
Male,62,Born in Canada,8,Yes
Male,62,Born outside Canada,3,No
Male,62,Don't know,1,NA
Male,62,Born in Canada,16,Yes
Male,62,Born outside Canada,2,No
Male,62,Born in Canada,10,Yes
Male,62,Born outside Canada,5,No
Male,62,Born in Canada,21,Yes
Male,62,Born outside Canada,4,No
Male,62,Born in Canada,7,Yes
Male,62,Born outside Canada,1,No
Male,62,"NA",1,NA
Male,62,Born in Canada,12,Yes
Male,62,Born outside Canada,1,No
Male,62,Born in Canada,19,Yes
Male,62,Born outside Canada,2,No
Male,62,Born in Canada,19,Yes
Male,62,Born outside Canada,6,No
Male,62,Born in Canada,23,Yes
Male,62,Born outside Canada,6,No
Male,62,Born in Canada,10,Yes
Male,62,Born outside Canada,3,No
Male,63,Born in Canada,12,Yes
Male,63,Born outside Canada,2,No
Male,63,Born in Canada,16,Yes
Male,63,Born outside Canada,1,No
Male,63,Born in Canada,14,Yes
Male,63,Born outside Canada,1,No
Male,63,Born in Canada,26,Yes
Male,63,Born outside Canada,4,No
Male,63,Born in Canada,15,Yes
Male,63,Born outside Canada,1,No
Male,63,Born in Canada,9,Yes
Male,63,Born in Canada,8,Yes
Male,63,Born outside Canada,3,No
Male,63,Born in Canada,12,Yes
Male,63,Born outside Canada,3,No
Male,63,Born in Canada,26,Yes
Male,63,Born outside Canada,4,No
Male,63,Born in Canada,18,Yes
Male,63,Born outside Canada,1,No
Male,64,Born in Canada,12,Yes
Male,64,Born outside Canada,1,No
Male,64,Born in Canada,12,Yes
Male,64,Born outside Canada,2,No
Male,64,Born in Canada,19,Yes
Male,64,Born outside Canada,2,No
Male,64,Born in Canada,20,Yes
Male,64,Born outside Canada,7,No
Male,64,Born in Canada,11,Yes
Male,64,Born outside Canada,1,No
Male,64,Born in Canada,14,Yes
Male,64,Born outside Canada,2,No
Male,64,Born in Canada,15,Yes
Male,64,Born outside Canada,1,No
Male,64,Born in Canada,7,Yes
Male,64,Born outside Canada,3,No
Male,64,Born in Canada,27,Yes
Male,64,Born outside Canada,5,No
Male,64,"NA",1,NA
Male,64,Born in Canada,10,Yes
Male,64,Born outside Canada,5,No
Male,65,Born in Canada,21,Yes
Male,65,Born outside Canada,2,No
Male,65,Born in Canada,16,Yes
Male,65,Born outside Canada,3,No
Male,65,"NA",1,NA
Male,65,Born in Canada,9,Yes
Male,65,Born outside Canada,5,No
Male,65,Born in Canada,24,Yes
Male,65,Born outside Canada,5,No
Male,65,Born in Canada,17,Yes
Male,65,Born outside Canada,4,No
Male,65,Born in Canada,16,Yes
Male,65,Born outside Canada,2,No
Male,65,"NA",1,NA
Male,65,Born in Canada,15,Yes
Male,65,Born outside Canada,5,No
Male,65,Born in Canada,6,Yes
Male,65,Born outside Canada,10,No
Male,65,Born in Canada,20,Yes
Male,65,Born outside Canada,5,No
Male,65,Born in Canada,13,Yes
Male,65,Born outside Canada,4,No
Male,66,Born in Canada,7,Yes
Male,66,Born outside Canada,4,No
Male,66,Born in Canada,17,Yes
Male,66,Born outside Canada,4,No
Male,66,Born in Canada,11,Yes
Male,66,Born outside Canada,5,No
Male,66,Born in Canada,24,Yes
Male,66,Born outside Canada,6,No
Male,66,Born in Canada,16,Yes
Male,66,Born in Canada,10,Yes
Male,66,Born outside Canada,2,No
Male,66,Born in Canada,14,Yes
Male,66,Born outside Canada,6,No
Male,66,Born in Canada,14,Yes
Male,66,Born outside Canada,3,No
Male,66,Born in Canada,27,Yes
Male,66,Born outside Canada,4,No
Male,66,Born in Canada,5,Yes
Male,66,Born outside Canada,1,No
Male,67,Born in Canada,10,Yes
Male,67,Born outside Canada,4,No
Male,67,Born in Canada,9,Yes
Male,67,Born outside Canada,1,No
Male,67,"NA",1,NA
Male,67,Born in Canada,10,Yes
Male,67,Born outside Canada,2,No
Male,67,Born in Canada,23,Yes
Male,67,Born outside Canada,3,No
Male,67,Born in Canada,8,Yes
Male,67,Born outside Canada,4,No
Male,67,Born in Canada,18,Yes
Male,67,Born in Canada,10,Yes
Male,67,Born outside Canada,2,No
Male,67,Born in Canada,12,Yes
Male,67,Born outside Canada,3,No
Male,67,Born in Canada,21,Yes
Male,67,Born outside Canada,4,No
Male,67,Born in Canada,9,Yes
Male,67,Born outside Canada,1,No
Male,68,Born in Canada,16,Yes
Male,68,Born outside Canada,6,No
Male,68,Born in Canada,15,Yes
Male,68,Born in Canada,18,Yes
Male,68,Born outside Canada,2,No
Male,68,Born in Canada,34,Yes
Male,68,Born outside Canada,4,No
Male,68,Born in Canada,16,Yes
Male,68,"NA",1,NA
Male,68,Born in Canada,9,Yes
Male,68,Born outside Canada,3,No
Male,68,Born in Canada,13,Yes
Male,68,Born outside Canada,3,No
Male,68,Born in Canada,10,Yes
Male,68,Born outside Canada,1,No
Male,68,Born in Canada,21,Yes
Male,68,Born outside Canada,5,No
Male,68,Born in Canada,14,Yes
Male,68,Born outside Canada,3,No
Male,68,"NA",1,NA
Male,69,Born in Canada,18,Yes
Male,69,Born outside Canada,3,No
Male,69,Born in Canada,14,Yes
Male,69,Born outside Canada,4,No
Male,69,"NA",1,NA
Male,69,Born in Canada,17,Yes
Male,69,Born outside Canada,7,No
Male,69,Born in Canada,16,Yes
Male,69,Born outside Canada,7,No
Male,69,Born in Canada,9,Yes
Male,69,Born outside Canada,4,No
Male,69,Born in Canada,8,Yes
Male,69,Born in Canada,12,Yes
Male,69,Born outside Canada,4,No
Male,69,Born in Canada,6,Yes
Male,69,Born outside Canada,3,No
Male,69,Born in Canada,23,Yes
Male,69,Born outside Canada,7,No
Male,69,Born in Canada,16,Yes
Male,69,Born outside Canada,2,No
Male,70,Born in Canada,9,Yes
Male,70,Born outside Canada,3,No
Male,70,Born in Canada,9,Yes
Male,70,Born outside Canada,1,No
Male,70,Don't know,1,NA
Male,70,"NA",1,NA
Male,70,Born in Canada,7,Yes
Male,70,Born outside Canada,3,No
Male,70,Born in Canada,21,Yes
Male,70,Born outside Canada,5,No
Male,70,Born in Canada,9,Yes
Male,70,Born outside Canada,6,No
Male,70,Born in Canada,16,Yes
Male,70,Born outside Canada,4,No
Male,70,"NA",1,NA
Male,70,Born in Canada,10,Yes
Male,70,Born outside Canada,4,No
Male,70,Born in Canada,14,Yes
Male,70,Born outside Canada,2,No
Male,70,Born in Canada,26,Yes
Male,70,Born outside Canada,8,No
Male,70,Born in Canada,17,Yes
Male,70,Born outside Canada,3,No
Male,71,Born in Canada,6,Yes
Male,71,Born outside Canada,4,No
Male,71,Born in Canada,7,Yes
Male,71,Born outside Canada,2,No
Male,71,Born in Canada,10,Yes
Male,71,Born outside Canada,1,No
Male,71,Born in Canada,22,Yes
Male,71,Born in Canada,19,Yes
Male,71,Born outside Canada,4,No
Male,71,Born in Canada,8,Yes
Male,71,Born outside Canada,1,No
Male,71,Born in Canada,13,Yes
Male,71,Born outside Canada,3,No
Male,71,Born in Canada,6,Yes
Male,71,Born outside Canada,5,No
Male,71,Born in Canada,24,Yes
Male,71,Born outside Canada,7,No
Male,71,Born in Canada,11,Yes
Male,71,Born outside Canada,5,No
Male,72,Born in Canada,7,Yes
Male,72,Born outside Canada,2,No
Male,72,Born in Canada,9,Yes
Male,72,"NA",1,NA
Male,72,Born in Canada,7,Yes
Male,72,Born outside Canada,2,No
Male,72,Born in Canada,14,Yes
Male,72,Born outside Canada,6,No
Male,72,Born in Canada,9,Yes
Male,72,Born outside Canada,3,No
Male,72,Born in Canada,4,Yes
Male,72,Born outside Canada,3,No
Male,72,Born in Canada,4,Yes
Male,72,Born outside Canada,3,No
Male,72,Born in Canada,5,Yes
Male,72,Born in Canada,16,Yes
Male,72,Born outside Canada,5,No
Male,72,Born in Canada,13,Yes
Male,72,Born outside Canada,1,No
Male,73,Born in Canada,14,Yes
Male,73,Born outside Canada,3,No
Male,73,Born in Canada,8,Yes
Male,73,Born outside Canada,3,No
Male,73,Born in Canada,7,Yes
Male,73,Born outside Canada,6,No
Male,73,Born in Canada,15,Yes
Male,73,Born outside Canada,3,No
Male,73,Born in Canada,5,Yes
Male,73,Born outside Canada,3,No
Male,73,Born in Canada,6,Yes
Male,73,Born in Canada,8,Yes
Male,73,Born outside Canada,2,No
Male,73,Born in Canada,10,Yes
Male,73,Born outside Canada,1,No
Male,73,Born in Canada,16,Yes
Male,73,Born in Canada,6,Yes
Male,73,Born outside Canada,3,No
Male,74,Born in Canada,7,Yes
Male,74,Born in Canada,9,Yes
Male,74,Born outside Canada,1,No
Male,74,Born in Canada,10,Yes
Male,74,Born in Canada,15,Yes
Male,74,Born outside Canada,4,No
Male,74,"NA",1,NA
Male,74,Born in Canada,6,Yes
Male,74,Born outside Canada,1,No
Male,74,Born in Canada,5,Yes
Male,74,Born outside Canada,4,No
Male,74,Born in Canada,3,Yes
Male,74,Born outside Canada,2,No
Male,74,Born in Canada,14,Yes
Male,74,Born outside Canada,2,No
Male,74,Don't know,1,NA
Male,74,Born in Canada,17,Yes
Male,74,Born outside Canada,6,No
Male,74,Born in Canada,8,Yes
Male,74,Born outside Canada,1,No
Male,75,Born in Canada,5,Yes
Male,75,Born outside Canada,3,No
Male,75,Born in Canada,9,Yes
Male,75,Born outside Canada,5,No
Male,75,Born in Canada,6,Yes
Male,75,Born outside Canada,4,No
Male,75,Born in Canada,16,Yes
Male,75,Born outside Canada,13,No
Male,75,Born in Canada,7,Yes
Male,75,Born outside Canada,2,No
Male,75,Born in Canada,10,Yes
Male,75,Born outside Canada,3,No
Male,75,Born in Canada,2,Yes
Male,75,Born outside Canada,4,No
Male,75,Born in Canada,10,Yes
Male,75,Born outside Canada,2,No
Male,75,Born in Canada,18,Yes
Male,75,Born outside Canada,5,No
Male,75,Born in Canada,4,Yes
Male,76,Born in Canada,3,Yes
Male,76,Born outside Canada,1,No
Male,76,Born in Canada,8,Yes
Male,76,Born in Canada,5,Yes
Male,76,Born outside Canada,2,No
Male,76,Born in Canada,14,Yes
Male,76,Born outside Canada,8,No
Male,76,Born in Canada,6,Yes
Male,76,Born outside Canada,2,No
Male,76,Born in Canada,4,Yes
Male,76,Born outside Canada,2,No
Male,76,Born in Canada,7,Yes
Male,76,Born outside Canada,2,No
Male,76,Born in Canada,7,Yes
Male,76,Born in Canada,17,Yes
Male,76,Born outside Canada,7,No
Male,76,Born in Canada,2,Yes
Male,76,Born outside Canada,2,No
Male,77,Born in Canada,12,Yes
Male,77,Born outside Canada,2,No
Male,77,Born in Canada,6,Yes
Male,77,Born outside Canada,5,No
Male,77,Born in Canada,8,Yes
Male,77,Born in Canada,10,Yes
Male,77,Born outside Canada,3,No
Male,77,Don't know,1,NA
Male,77,Born in Canada,2,Yes
Male,77,Born in Canada,7,Yes
Male,77,Born outside Canada,1,No
Male,77,Born in Canada,5,Yes
Male,77,Born outside Canada,1,No
Male,77,Born in Canada,6,Yes
Male,77,Born outside Canada,1,No
Male,77,Born in Canada,12,Yes
Male,77,Born outside Canada,4,No
Male,77,Born in Canada,5,Yes
Male,78,Born in Canada,8,Yes
Male,78,Born in Canada,7,Yes
Male,78,Born outside Canada,1,No
Male,78,Born in Canada,9,Yes
Male,78,Born in Canada,8,Yes
Male,78,Born outside Canada,3,No
Male,78,Born in Canada,3,Yes
Male,78,Born outside Canada,2,No
Male,78,Born in Canada,4,Yes
Male,78,Born outside Canada,2,No
Male,78,Born in Canada,4,Yes
Male,78,Born outside Canada,2,No
Male,78,"NA",1,NA
Male,78,Born in Canada,9,Yes
Male,78,Born outside Canada,1,No
Male,78,Born in Canada,13,Yes
Male,78,Born outside Canada,1,No
Male,78,Born in Canada,3,Yes
Male,78,Born outside Canada,1,No
Male,79,Born in Canada,8,Yes
Male,79,Born outside Canada,4,No
Male,79,Born in Canada,6,Yes
Male,79,Born outside Canada,3,No
Male,79,Born in Canada,3,Yes
Male,79,Born in Canada,12,Yes
Male,79,Born outside Canada,2,No
Male,79,Born in Canada,6,Yes
Male,79,Born in Canada,7,Yes
Male,79,Born outside Canada,2,No
Male,79,Born in Canada,3,Yes
Male,79,Born outside Canada,2,No
Male,79,Born in Canada,1,Yes
Male,79,Born outside Canada,1,No
Male,79,Born in Canada,6,Yes
Male,79,Born outside Canada,4,No
Male,79,Born in Canada,8,Yes
Male,79,Born outside Canada,1,No
Male,80,Born in Canada,341,Yes
Male,80,Born outside Canada,93,No
Male,80,"NA",3,NA
